3dアニメーター	0	キャラクターアニメーター	1
3dアニメーター	0	コンピューター_アニメーター	1
3dアニメーター	0	アシスタント_アニメーター	1
3dアニメーター	0	アニメーション監督	1
3dアニメーター	0	アニメーション_インターン	1
3dアニメーター	0	ビジュアル開発アーティスト	1
3dアニメーター	0	3dキャラクター_アニメーター	1
3dアニメーター	0	キャラクター_テクニカルディレクター	1
3dアニメーター	0	テクニカル_アニメーター	1
3dアニメーター	0	アニメーション講師	1
3dアニメーター	0	アニメーター	1
3dアニメーター	0	3dジェネラリスト	1
3dアニメーター	0	キャラクターデザイナー	1
3dアニメーター	0	アニメーション_リーダー	1
3dアニメーター	0	フラッシュアニメーター	1
3dアニメーター	0	アニメーション_スーパーバイザー	1
3dアニメーター	0	キャラクターリガー	1
3dアニメーター	0	アニメーションアーティスト	1
3dアニメーター	0	ゲームアーティスト	1
Java開発者	0	テクノロジーアナリスト	1
Java開発者	0	アプリケーション開発者	1
Java開発者	0	モジュールリーダー	1
Java開発者	0	ウェブ開発マネージャー	1
Java開発者	0	テクノロジー	1
Java開発者	0	プログラミング_アナリスト	1
Java開発者	0	技術リーダー	1
Java開発者	0	Java/_j2ee_開発者	1
Java開発者	0	Javaアプリケーション開発者	1
Java開発者	0	J2EE開発者	1
Java開発者	0	Javaウェブ開発者	1
Java開発者	0	Javaソフトウェアエンジニア	1
Java開発者	0	ソフトウェアエンジニア_チームリーダー	1
Java開発者	0	契約Java開発者	1
Java開発者	0	Javaアーキテクト	1
Java開発者	0	Javaコンサルタント	1
Java開発者	0	Javaテクニカルリーダー	1
Java開発者	0	Javaチームリーダー	1
Java開発者	0	デベロッパー	1
Java開発者	0	ソリューション開発者	1
Java開発者	0	ソフトウェア開発アナリスト	1
Java開発者	0	ソフトウェア_スペシャリスト	1
Java開発者	0	ソフトウェア_アナリスト	1
Java開発者	0	テクニカル_アーキテクト	1
Java開発者	0	テクノロジー_アーキテクト	1
Java開発者	0	技術スタッフのメンバー	1
iOS開発者	0	アンドロイド開発者	1
iOS開発者	0	モバイルアプリ開発者	1
iOS開発者	0	iOSアプリ開発者	1
iOS開発者	0	モバイルエンジニア	1
アナログ設計エンジニア	0	レイアウトデザイナー	1
アナログ設計エンジニア	0	レイアウト設計エンジニア	1
アナログ設計エンジニア	0	設計自動化エンジニア	1
アナログ設計エンジニア	0	回路設計エンジニア	1
アナログ設計エンジニア	0	物理設計エンジニア	1
アナログ設計エンジニア	0	デジタル設計エンジニア	1
アナログ設計エンジニア	0	物理設計マネージャー	1
アナログ設計エンジニア	0	フィジカルデザイナー	1
アナログ設計エンジニア	0	レイアウト技術者	1
アナログ設計エンジニア	0	主任設計エンジニア	1
アナログ設計エンジニア	0	回路設計者	1
アナログ設計エンジニア	0	企業アプリケーション_エンジニア	1
アナログ設計エンジニア	0	主任_ハードウェアエンジニア	1
アナログ設計エンジニア	0	シグナル_インテグリティ_エンジニア	1
アナログ設計エンジニア	0	スタッフ_アプリケーション_エンジニア	1
アナログ設計エンジニア	0	混合信号設計エンジニア	1
アナログ設計エンジニア	0	技術スタッフのメンバー	1
アナログ設計エンジニア	0	アナログデザイナー	1
アナログ設計エンジニア	0	スタッフ設計エンジニア	1
アーキビスト	0	企業図書館員	1
アーキビスト	0	アシスタント_アーキビスト	1
アーキビスト	0	アーカイブ_インターン	1
アーキビスト	0	アーカイブアシスタント	1
アーキビスト	0	大学の司書	1
アーキビスト	0	プロジェクト_アーキビスト	1
アーキビスト	0	司書	1
アーキビスト	0	アーカイブエンジニア	1
アーキビスト	0	目録作成者	1
アーキビスト	0	公共の図書館員	1
アーキビスト	0	コレクションのインターン	1
アーキビスト	0	コレクション_ディレクター	1
アーキビスト	0	研究図書館員	1
アーキビスト	0	コレクション_アソシエイト	1
アーキビスト	0	集荷係	1
アーキビスト	0	メディア_ライブラリアン	1
アーキビスト	0	図書館長	1
アーバンデザイナー	0	主任ランドスケープ_アーキテクト	1
アーバンデザイナー	0	建築学生	1
アーバンデザイナー	0	建築家	1
アーバンデザイナー	0	中級建築家	1
アーバンデザイナー	0	都市計画家	1
アーバンデザイナー	0	アシスタントアーキテクト	1
アーバンデザイナー	0	建築アシスタント	1
アーバンデザイナー	0	建築学科の大学院生	1
アーバンデザイナー	0	デザインコーディネーター	1
アーバンデザイナー	0	建築アソシエイト	1
アーバンデザイナー	0	ランドスケープ_アーキテクト	1
アーバンデザイナー	0	ランドスケープ_アーキテクチャーのインターン	1
アーバンデザイナー	0	建築デザイナー	1
アーバンデザイナー	0	プロジェクトデザイナー	1
アーバンデザイナー	0	ランドスケープデザイナー	1
アーバンデザイナー	0	設計建築家	1
インテリア_デコレーター	0	装飾コンサルタント	1
インテリア_デコレーター	0	デザインセンター_マネージャー	1
インテリア_デコレーター	0	インテリアデザイナー	1
ウェディングプランナー	0	イベントコーディネーター	1
ウェディングプランナー	0	イベント役員	1
ウェディングプランナー	0	イベントスペシャリスト	1
ウェディングプランナー	0	プライベートイベント_ディレクター	1
ウェディングプランナー	0	イベントコンサルタント	1
ウェディングプランナー	0	イベント運営ディレクター	1
ウェディングプランナー	0	イベントデザイナー	1
ウェディングプランナー	0	イベントマネージャー	1
ウェディングプランナー	0	特別イベントプランナー	1
ウェディングプランナー	0	イベントプランナー	1
ウェディングプランナー	0	ウェディングとイベントプランナー	1
ウェディングプランナー	0	ウェディング_コーディネーター	1
ウェディングプランナー	0	ウェディング_コンサルタント	1
ウェディングプランナー	0	企業イベントプランナー	1
ウェブ開発者	0	ウェブプロデューサー	1
ウェブ開発者	0	UIデザイナー	1
ウェブ開発者	0	ウェブサイトデザイナー	1
ウェブ開発者	0	UIエンジニア	1
ウェブ開発者	0	クリエイティブ開発者	1
ウェブ開発者	0	ウェブ開発責任者	1
ウェブ開発者	0	フルスタック_エンジニア	1
ウェブ開発者	0	ウェブデザイナー	1
ウェブ開発者	0	チーフソフトウェア_エンジニア	1
ウェブ開発者	0	アプリケーション開発チームのリーダー	1
ウェブ開発者	0	企業ウェブマスター	1
ウェブ開発者	0	ウェブ開発インターン	1
ウェブ開発者	0	アプリケーション開発者	1
ウェブ開発者	0	ソフトウェア開発インターン	1
ウェブ開発者	0	ソフトウェア_アプリケーション開発者	1
ウェブ開発者	0	バックエンド開発者	1
ウェブ開発者	0	Webアプリケーション_スペシャリスト	1
ウェブ開発者	0	インタラクティブな開発者	1
ウェブ開発者	0	Webアプリケーション_プログラマー	1
ウェブ開発者	0	ウェブ開発エンジニア	1
ウェブ開発者	0	クライアント側の開発者	1
ウェブ開発者	0	ウェブ開発チームのリーダー	1
ウェブ開発者	0	契約ウェブ開発者	1
ウェブ開発者	0	Webアプリケーション開発者	1
ウェブ開発者	0	Webプログラマー	1
ウェブ開発者	0	Web_UI開発者	1
ウェブ開発者	0	デベロッパー	1
ウェブ開発者	0	ウェブエンジニア	1
ウェブ開発者	0	製品開発者	1
ウェブ開発者	0	ソフトウェア工学研修員	1
ウェブ開発者	0	ソフトウェア_プロジェクトリーダー	1
ウェブ開発者	0	マルチメディア_プログラマー	1
ウェブ開発者	0	ソフトウェア_コンサルタント	1
ウェブ開発者	0	ソフトウェア会社	1
ウェブ開発者	0	html5_開発者	1
ウェブ開発者	0	ウェブ開発マネージャー	1
ウェブ開発者	0	ソフトウェア工学゙インターン	1
カメラマン	0	映像制作スペシャリスト	1
カメラマン	0	アシスタント動画編集者	1
カメラマン	0	プロモーション_プロデューサー	1
カメラマン	0	映画とビデオの編集者	1
カメラマン	0	映画編集者	1
カメラマン	0	ポストプロダクション_エディター	1
カメラマン	0	クリエイティブサービス_プロデューサー	1
カメラマン	0	動画編集者	1
カメラマン	0	照明カメラマン	1
カメラマン	0	アシスタントエディター	1
カメラマン	0	カメラオペレーター	1
カメラマン	0	映像作家	1
カメラマン	0	ファースト_カメラアシスタント	1
カメラマン	0	撮影監督	1
カメラマン	0	映像制作ディレクター	1
カメラマン	0	ビデオ制作担当	1
カメラマン	0	製作責任者	1
カメラマン	0	アシスタントプロデューサー	1
カメラマン	0	ポストプロダクションインターン	1
カメラマン	0	第二アシスタント	1
カメラマン	0	製造業務マネージャー	1
カメラマン	0	テレビディレクター	1
カメラマン	0	テープオペレーター	1
カメラマン	0	放送コーディネーター	1
カメラマン	0	映像プロデューサー	1
カメラマン	0	映画製作者	1
カメラマン	0	フロアディレクター	1
カメラマン	0	ドキュメンタリー映画製作者	1
カメラマン	0	セット制作アシスタント	1
カメラマン	0	ニュース運営マネージャー	1
カメラマン	0	カメラアシスタント	1
カメラマン	0	プロデューサー	1
ギャラリーディレクター	0	アートハンドラー	1
ギャラリーディレクター	0	キュレーター	1
ギャラリーディレクター	0	美術の教授	1
ギャラリーディレクター	0	美術品ディーラー	1
ギャラリーディレクター	0	チーフ_キュレーター	1
ギャラリーディレクター	0	美術の専門家	1
ギャラリーディレクター	0	美術評論家	1
ギャラリーディレクター	0	ギャラリー_アソシエイト	1
ギャラリーディレクター	0	ギャラリー_コーディネーター	1
ギャラリーディレクター	0	ギャラリーマネージャー	1
ギャラリーディレクター	0	ギャラリーアシスタント	1
ギャラリーディレクター	0	アートコンサルタント	1
ギャラリーディレクター	0	展覧会キュレーター	1
グラフィックデザイナー	0	グラフィック_テクニシャン	1
グラフィックデザイナー	0	テクニカルデザイナー	1
グラフィックデザイナー	0	デスクトップ_パブリッシャー	1
グラフィックデザイナー	0	クリエイティブ_グラフィックデザイナー	1
グラフィックデザイナー	0	グラフィックデザインのインターン	1
グラフィックデザイナー	0	グラフィックデザイン_アシスタント	1
グラフィックデザイナー	0	グラフィックデザインの学生	1
グラフィックデザイナー	0	グラフィックデザイン_アーティスト	1
グラフィックデザイナー	0	グラフィックデザインの講師	1
グラフィックデザイナー	0	グラフィックデザイン_コーディネーター	1
グラフィックデザイナー	0	DTPオペレーター	1
グラフィックデザイナー	0	ビジュアライザー	1
グラフィックデザイナー	0	グラフィックデザイン_マネージャー	1
グラフィックデザイナー	0	ブランド_デザインマネージャー	1
グラフィックデザイナー	0	クリエイティブサービス_スーパーバイザー	1
グラフィックデザイナー	0	グラフィックアーティスト	1
グラフィックデザイナー	0	コミュニケーションデザイナー	1
グラフィックデザイナー	0	グラフィックデザイン_コンサルタント	1
グラフィックデザイナー	0	クリエイティブ_マネージャー	1
グラフィックデザイナー	0	主任グラフィックデザイナー	1
グラフィックデザイナー	0	クリエイティブ_プロジェクト_マネージャー	1
グラフィックデザイナー	0	グラフィックサービス_マネージャー	1
グラフィックデザイナー	0	広告デザイナー	1
グラフィックデザイナー	0	出版物デザイナー	1
グラフィックデザイナー	0	デジタルデザイナー	1
グラフィックデザイナー	0	クリエイティブ_インターン	1
グラフィックデザイナー	0	クリエイティブな芸術家	1
グラフィックデザイナー	0	クリエイティブサービス_インターン	1
グラフィックデザイナー	0	グラフィックデザイン_スーパーバイザー	1
グラフィックデザイナー	0	ウェブおよびグラフィックデザイナー	1
グラフィックデザイナー	0	グラフィックデザインの教師	1
グラフィックデザイナー	0	グラフィック制作アーティスト	1
グラフィックデザイナー	0	デジタルメディア_デザイナー	1
グラフィックデザイナー	0	ブランドデザイナー	1
グラフィックデザイナー	0	グラフィック_スペシャリスト	1
グラフィックデザイナー	0	クリエイティブデザイン_マネージャー	1
グラフィックデザイナー	0	デザイナー	1
コピーライター	0	コンテンツ_プロデューサー	1
コピーライター	0	出版社	1
コピーライター	0	アシスタント_コンテンツマネージャー	1
コピーライター	0	副クリエイティブディレクター	1
コピーライター	0	コンテンツライター	1
コピーライター	0	クリエイティブライター	1
コピーライター	0	ウェブサイト_コンテンツマネージャー	1
コピーライター	0	契約コピーライター	1
コピーライター	0	出版コーディネーター	1
コピーライター	0	クリエイティブ_コピーライター	1
コピーライター	0	コンテンツの責任者	1
コピーライター	0	ソーシャルメディア_ディレクター	1
コピーライター	0	マーケティング_コピーライター	1
コピーライター	0	コンテンツ_スーパーバイザー	1
コピーライター	0	広告コピーライター	1
コピーライター	0	ウェブコンテンツライター	1
コピーライター	0	インタラクティブメディア_マネージャー	1
コピーライター	0	オーディエンス開発ディレクター	1
コピーライター	0	コンテンツマネージャー	1
コピーライター	0	グループ_コピースーパーバイザー	1
コピーライター	0	契約ライター	1
コピーライター	0	広告制作コーディネーター	1
コピーライター	0	コミュニケーションマネージャー	1
コピーライター	0	広報コンサルタント	1
コピーライター	0	広告コーディネーター	1
コピーライター	0	デジタルコンテンツ_マネージャー	1
コピーライター	0	広告スペシャリスト	1
コピーライター	0	グループ企画ディレクター	1
コピーライター	0	コンテンツマーケティング_マネジャー	1
コピーライター	0	ブランドプランナー	1
コピーライター	0	コンテンツアナリスト	1
コピーライター	0	クリエイティブサービスの副社長	1
コピーライター	0	統合マーケティングマネージャー	1
コピーライター	0	コピーディレクター	1
コピーライター	0	コピーマネージャー	1
コピーライター	0	コピーの責任者	1
コピーライター	0	コピースーパーバイザー	1
コピーライター	0	コンテンツ戦略家	1
コンピュータ修理技術者	0	コンピューター_ハードウェア技術者	1
コンピュータ修理技術者	0	コンピューター技術者	1
コンピュータ修理技術者	0	コンピュータサポート技術者	1
コンピュータ修理技術者	0	構成エンジニア	1
コンピュータ修理技術者	0	パソコン修理技術者	1
コンピュータ修理技術者	0	コンピューターサービス技術者	1
コンピュータ修理技術者	0	パソコン技術者	1
コンピュータ修理技術者	0	コンピューターシステム技術者	1
コンピュータ修理技術者	0	IT分野の技術者	1
コンピュータ修理技術者	0	ITサポート技術者	1
コンピュータ修理技術者	0	システムサポート技術者	1
コンピュータ修理技術者	0	カスタマーサポート技術者	1
コンピュータ修理技術者	0	デスクサイド_サポート技術者	1
コンピュータ修理技術者	0	導入技術者	1
コンピュータ修理技術者	0	ヘルプデスク_サポート技術者	1
コンピュータ修理技術者	0	デスクトップサポート_エンジニア	1
コンピュータ修理技術者	0	パソコン専門家	1
コンピュータ修理技術者	0	デスクトップサポート	1
コンピュータ修理技術者	0	デスクトップサポートのインターン	1
コンピュータ修理技術者	0	ハードウェアサポート_エンジニア	1
コンピュータ修理技術者	0	サービスデスク_エージェント	1
コンピュータ修理技術者	0	コンピューターハードウェア_エンジニア	1
コンピュータ修理技術者	0	テクニカルサポート	1
コンピュータ修理技術者	0	コンピュータ_サポート_アナリスト	1
コンピュータ修理技術者	0	コンピューターネットワーク技術者	1
コンピュータ修理技術者	0	オンサイト技術者	1
コンピュータ修理技術者	0	ハードウェア技術者	1
コンピュータ修理技術者	0	IT技術者	1
スポーツコーチ	0	ストレングス&コンディショニングコーチ	1
スポーツコーチ	0	スポーツマネージャー	1
スポーツコーチ	0	アシスタント_ストレングス&コンディショニングコーチ	1
スポーツコーチ	0	プロスポーツ選手	1
スポーツコーチ	0	スポーツインターン	1
スポーツコーチ	0	スポーツコーディネーター	1
スポーツコーチ	0	ヘッドコーチ	1
スポーツコーチ	0	スポーツディレクター	1
スポーツコーチ	0	サッカーのコーチ	1
スポーツコーチ	0	水泳コーチ	1
スポーツコーチ	0	テニスコーチ	1
スポーツコーチ	0	サッカーコーチ	1
スポーツコーチ	0	パフォーマンスコーチ	1
スポーツコーチ	0	アシスタント_サッカーコーチ	1
スポーツコーチ	0	主任講師	1
スポーツコーチ	0	体育教師	1
スポーツコーチ	0	サッカーのヘッドコーチ	1
スポーツコーチ	0	アスレチック_コーディネーター	1
スポーツコーチ	0	スポーツインストラクター	1
ダンサー	0	プロのダンサー	1
ダンサー	0	振付家	1
ダンサー	0	メインダンサー	1
ダンサー	0	ダンス講師	1
ダンサー	0	演劇の教師	1
ダンサー	0	アートディレクター	1
ダンサー	0	ダンス講師	1
デスクトップサポート技術者	0	サービスデスク技術者	1
デスクトップサポート技術者	0	テクニカルサポート_チームリーダー	1
デスクトップサポート技術者	0	エンドユーザー支援スペシャリスト	1
デスクトップサポート技術者	0	システムサポート_スーパーバイザー	1
デスクトップサポート技術者	0	コンピューターネットワーク技術者	1
デスクトップサポート技術者	0	サービスデスク管理者	1
デスクトップサポート技術者	0	サポート技術者	1
デスクトップサポート技術者	0	ネットワーク運用アナリスト	1
デスクトップサポート技術者	0	フィールドサポート技術者	1
デスクトップサポート技術者	0	構成エンジニア	1
デスクトップサポート技術者	0	テクノロジーサポート_アナリスト	1
デスクトップサポート技術者	0	アプリケーションサポート技術者	1
デスクトップサポート技術者	0	製品サポート技術者	1
デスクトップサポート技術者	0	コンピュータサポート技術者	1
デスクトップサポート技術者	0	ヘルプデスク_コーディネーター	1
デスクトップサポート技術者	0	デスクトップエンジニア	1
デスクトップサポート技術者	0	ヘルプデスク_アナリスト	1
デスクトップサポート技術者	0	コンピューター技術者	1
デスクトップサポート技術者	0	ITサポートスペシャリスト	1
デスクトップサポート技術者	0	リモートサポート_エンジニア	1
デスクトップサポート技術者	0	コンサルタント	1
デスクトップサポート技術者	0	ソフトウェアサポート_アナリスト	1
デスクトップサポート技術者	0	地域支援スペシャリスト	1
デスクトップサポート技術者	0	最前線のサポート	1
デスクトップサポート技術者	0	オペレーティングシステム_アナリスト	1
デスクトップサポート技術者	0	ITジェネラリスト	1
デスクトップサポート技術者	0	デスクトップ管理者	1
デスクトップサポート技術者	0	デスクトップサポート_エンジニア	1
デスクトップサポート技術者	0	テクノロジーサポート技術者	1
デスクトップサポート技術者	0	ユーザーサポート技術者	1
デスクトップサポート技術者	0	IT技術者	1
デスクトップサポート技術者	0	ヘルプデスクサポート_アナリスト	1
デスクトップサポート技術者	0	デスクトップサポート_チームリーダー	1
デスクトップサポート技術者	0	デスクトップサポート_アナリスト	1
デスクトップサポート技術者	0	デスクトップサポート	1
デスクトップサポート技術者	0	デスクトップサポート_スペシャリスト	1
デスクトップサポート技術者	0	デスクサイド_サポート技術者	1
デスクトップサポート技術者	0	サーバー管理者	1
デスクトップサポート技術者	0	サービスセンター_アナリスト	1
デスクトップサポート技術者	0	システム管理者	1
デスクトップサポート技術者	0	ヘルプデスク管理者	1
デスクトップサポート技術者	0	セカンドライン_サポート_アナリスト	1
デスクトップサポート技術者	0	ヘルプデスク技術者	1
デスクトップサポート技術者	0	コンピュータ_サポート_アナリスト	1
デスクトップサポート技術者	0	サポートセンター_アナリスト	1
テキスタイルデザイナー	0	ファッションデザイン_インターン	1
テキスタイルデザイナー	0	ファッションデザイナー	1
テキスタイルデザイナー	0	プリントデザイナー	1
テキスタイルデザイナー	0	設計と製作のインターン	1
テキスタイルデザイナー	0	製品開発アシスタント	1
テキスタイルデザイナー	0	デザインインターン	1
テキスタイルデザイナー	0	ファッションデザイナー	1
テキスタイルデザイナー	0	紳士服デザイナー	1
テキスタイルデザイナー	0	アクセサリー_デザイナー	1
テキスタイルデザイナー	0	デザインインストラクター	1
テキスタイルデザイナー	0	デザイナー	1
テキスタイルデザイナー	0	デザインアシスタント	1
テキスタイルデザイナー	0	ヘッドデザイナー	1
テキスタイルデザイナー	0	コンセプトデザイナー	1
テキスタイルデザイナー	0	アパレルデザイナー	1
テキスタイルデザイナー	0	婦人服デザイナー	1
テキスタイルデザイナー	0	アシスタントデザイナー	1
テキスタイルデザイナー	0	ビジュアルデザイナー	1
テキスタイルデザイナー	0	シューズデザイナー	1
テキスタイルデザイナー	0	ニットウェアデザイナー	1
テキスタイルデザイナー	0	ファッションアシスタント	1
テクニカルサポート担当者	0	IT技術者	1
テクニカルサポート担当者	0	ユーザーサポート技術者	1
テクニカルサポート担当者	0	ソフトウェア_サポート技術者	1
テクニカルサポート担当者	0	デスクトップサポート	1
テクニカルサポート担当者	0	ITサポート技術者	1
テクニカルサポート担当者	0	IT分野の技術者	1
テクニカルサポート担当者	0	ヘルプデスクサポート_アナリスト	1
テクニカルサポート担当者	0	コンピューター技術者	1
テクニカルサポート担当者	0	ヘルプデスク技術者	1
テクニカルサポート担当者	0	テクニカル_サポート_アソシエイト	1
テクニカルサポート担当者	0	カスタマーサポート技術者	1
テクニカルサポート担当者	0	テクニカルサポート_コーディネーター	1
テクニカルサポート担当者	0	クライアントサポート技術者	1
テクニカルサポート担当者	0	サービスサポート_スペシャリスト	1
テクニカルサポート担当者	0	テクニカルサポート_アナリスト	1
テクニカルサポート担当者	0	コンピュータ_サポート_アナリスト	1
テクニカルサポート担当者	0	ヘルプデスク_コーディネーター	1
テクニカルサポート担当者	0	テクニカル_カスタマーサポート担当者	1
テクニカルサポート担当者	0	コンピュータサポート技術者	1
テクニカルサポート担当者	0	サポートセンター_アナリスト	1
テクニカルサポート担当者	0	製品サポート技術者	1
テクニカルサポート担当者	0	ヘルプデスク_スーパーバイザー	1
テクニカルサポート担当者	0	ヘルプデスク_アナリスト	1
テクニカルサポート担当者	0	構成エンジニア	1
テクニカルサポート担当者	0	ユーザーサポート_スペシャリスト	1
テクニカルサポート担当者	0	テクノロジーサポート技術者	1
テクニカルサポート担当者	0	テクニカルサポート_スーパーバイザー	1
テクニカルサポート担当者	0	ヘルプデスク_サポート技術者	1
テクニカルサポート担当者	0	セカンドライン_サポート_アナリスト	1
テクニカルサポート担当者	0	フィールドサポート技術者	1
テクニカルサポート担当者	0	クライアントサポート_スペシャリスト	1
テクニカルサポート担当者	0	クライアントサポート_アナリスト	1
テクニカルサポート担当者	0	カスタマーサポート_アナリスト	1
テクニカルサポート担当者	0	オンサイト技術者	1
テクニカルサポート担当者	0	サービスデスク　チームリーダー	1
テクニカルサポート担当者	0	デスクサイド_サポート技術者	1
テクニカルサポート担当者	0	デスクトップサポート技術者	1
テクニカルサポート担当者	0	フィールドサポート_アナリスト	1
テクニカルサポート担当者	0	ソフトウェアサポート_アナリスト	1
テクニカルサポート担当者	0	ヘルプデスク_エンジニア	1
テクニカルサポート担当者	0	ヘルプデスク管理者	1
テクニカルリクルーター	0	人材派遣コンサルタント	1
テクニカルリクルーター	0	人材派遣リーダー	1
テクニカルリクルーター	0	人材派遣マネージャー	1
テクニカルリクルーター	0	人材獲得副社長	1
テクニカルリクルーター	0	人材派遣のスペシャリスト	1
テクニカルリクルーター	0	採用アカウントマネージャー	1
テクニカルリクルーター	0	人事マネージャー	1
テクニカルリクルーター	0	人材獲得スペシャリスト	1
テクニカルリクルーター	0	採用業務マネージャー	1
テクニカルリクルーター	0	医療リクルーター	1
テクニカルリクルーター	0	採用チームリーダー	1
テクニカルリクルーター	0	採用スーパーバイザー	1
テクニカルリクルーター	0	エンジニアリング採用担当者	1
テクニカルリクルーター	0	人材獲得マネージャー	1
テクニカルリクルーター	0	ヘルスケア_リクルーター	1
テクニカルリクルーター	0	全国採用担当者	1
テクニカルリクルーター	0	契約採用担当者	1
テクニカルリクルーター	0	社内リクルーター	1
テクニカルリクルーター	0	ITリクルーター	1
テクニカルリクルーター	0	主任採用担当者	1
テクニカルリクルーター	0	テクノロジー_リクルーター	1
テクニカルリクルーター	0	エグゼクティブ_リクルーター	1
テクニカルリクルーター	0	IT採用コンサルタント	1
テクニカルリクルーター	0	営業リクルーター	1
テクニカルリクルーター	0	グループ人事マネージャー	1
テクニカルリクルーター	0	採用マネージャー	1
テクニカルリクルーター	0	採用コンサルタント	1
テクニカルリクルーター	0	採用担当副社長	1
テクニカルリクルーター	0	アカウント採用マネージャー	1
テクニカルリクルーター	0	人材獲得リクルーター	1
テクニカルリクルーター	0	採用担当者	1
テクニカルリクルーター	0	技術採用マネージャー	1
テクニカルリクルーター	0	IT技術採用担当者	1
テクニカルリクルーター	0	人事責任者	1
テクニカルリクルーター	0	人事部長	1
テクニカルリクルーター	0	人事採用担当者	1
テクニカルリクルーター	0	検索コンサルタント	1
テクニカルリクルーター	0	配置コンサルタント	1
テクニカルリクルーター	0	人材ディレクター	1
テクニカルリクルーター	0	人事担当者	1
テクニカルリクルーター	0	人事情報システムアナリスト	1
テクニカルリクルーター	0	人事採用アシスタント	1
テクニカルリクルーター	0	研修および配置担当者	1
テクニカルリクルーター	0	エグゼクティブサーチ_コンサルタント	1
テクニカルリクルーター	0	ソーサー	1
テクニカルリクルーター	0	エグゼクティブ_リソース	1
ドッグトレーナー	0	ドッグウォーカー	1
ドッグトレーナー	0	犬舎アシスタント	1
ドッグトレーナー	0	動物飼育員	1
ドッグトレーナー	0	動物管理技術者	1
トラック運転手	0	プロの運転手	1
トラック運転手	0	運転手	1
トラック運転手	0	発車係	1
トラック運転手	0	派遣スーパーバイザー	1
トラック運転手	0	会社の運転手	1
トラック運転手	0	派遣マネージャー	1
トラック運転手	0	アシスタント_ターミナルマネージャー	1
トラック運転手	0	ターミナルマネージャー	1
トラック運転手	0	運送管理者	1
トラック運転手	0	サービスセンターのマネージャー	1
トラック運転手	0	道路ドライバー	1
トラベルエージェント	0	切符取扱人	1
トラベルエージェント	0	法人旅行代理店	1
トラベルエージェント	0	旅行専門家	1
トラベルエージェント	0	旅行代理店マネージャー	1
トラベルエージェント	0	ツアーコーディネーター	1
トラベルエージェント	0	法人トラベルマネージャー	1
トラベルエージェント	0	旅行役員	1
トラベルエージェント	0	トラベルマネージャー	1
トラベルエージェント	0	グローバル_トラベルマネージャー	1
トラベルエージェント	0	観光ガイド	1
トラベルエージェント	0	旅行カウンセラー	1
トラベルエージェント	0	ツアーディレクター	1
トラベルエージェント	0	休暇プランナー	1
トラベルエージェント	0	海外旅行コンサルタント	1
ナニー	0	入学インターン	1
ナニー	0	教師補佐	1
ナニー	0	インターン	1
ナニー	0	保育労働者	1
ナニー	0	デイキャンフ_゚カウンセラー	1
ナニー	0	大学プログラム_インターン	1
ナニー	0	保育士	1
ナニー	0	カウンセラー	1
ナニー	0	学生配置コーディネーター	1
ナニー	0	プレスクールの教諭助手	1
ナニー	0	教室アシスタント	1
ナニー	0	児童保育士	1
ナニー	0	軍団メンバー	1
ナニー	0	学生ボランティア	1
ナニー	0	保育アシスタント	1
ナニー	0	ベビーシッター	1
ナニー	0	サマーキャンプ_カウンセラー	1
ニュースアナウンサー	0	ホスト	1
ニュースアナウンサー	0	オンエアパーソナリティ	1
ニュースアナウンサー	0	放送マネージャー	1
ニュースアナウンサー	0	国内記者	1
ニュースアナウンサー	0	放送ジャーナリスト	1
ニュースアナウンサー	0	ニュースディレクター	1
ニュースアナウンサー	0	番組プロデューサー	1
ニュースアナウンサー	0	テレビジャーナリスト	1
ニュースアナウンサー	0	ニュース運営マネージャー	1
ニュースアナウンサー	0	放送アシスタント	1
ニュースアナウンサー	0	テレビ司会者	1
ニュースアナウンサー	0	アナウンサー	1
ニュースアナウンサー	0	課題編集者	1
ニュースアナウンサー	0	タレントプロデューサー	1
ニュースアナウンサー	0	スポーツプロデューサー	1
ニュースアナウンサー	0	放送局	1
ニュースアナウンサー	0	テレビニュース_プロデューサー	1
ニュースアナウンサー	0	ラジオプロデューサー	1
ニュースアナウンサー	0	モーニングショーのホスト	1
ニュースアナウンサー	0	スポーツ編集者	1
ニュースアナウンサー	0	テレビのニュースレポーター	1
ニュースアナウンサー	0	報道記者	1
ニュースアナウンサー	0	交通記者	1
ニュースアナウンサー	0	スポーツ記者	1
ニュースアナウンサー	0	パブリックアドレス_アナウンサー	1
ニュースアナウンサー	0	朝の番組のプロデューサー	1
ニュースアナウンサー	0	アシスタント_ニュースディレクター	1
ニュースアナウンサー	0	朝のニュースのアナウンサー	1
ニュースアナウンサー	0	プレゼンター	1
ニュースアナウンサー	0	ラジオブロードキャスター	1
ニュースアナウンサー	0	マルチメディア_ジャーナリスト	1
ニュースアナウンサー	0	トークショーの司会者	1
ニュースアナウンサー	0	スポーツアナウンサー	1
ニュースアナウンサー	0	ニュースプロデューサー	1
ネットワークエンジニア	0	ネットワーク_インテグレーター	1
ネットワークエンジニア	0	ネットワークエンジニアリング_コンサルタント	1
ネットワークエンジニア	0	ネットワーク設計エンジニア	1
ネットワークエンジニア	0	データ_ネットワークエンジニア	1
ネットワークエンジニア	0	企業ネットワークエンジニア	1
ネットワークエンジニア	0	ネットワークエンジニアリング_マネージャー	1
ネットワークエンジニア	0	ネットワーク_プロビジョナー	1
ネットワークエンジニア	0	ネットワークセキュリティ_エンジニア	1
ネットワークエンジニア	0	ネットワークスペシャリスト	1
ネットワークエンジニア	0	無線ネットワーク_エンジニア	1
ネットワークエンジニア	0	ネットワーク_インフラ_マネージャ	1
ネットワークエンジニア	0	ネットワーク_オペレーション_センター_アナリスト	1
ネットワークエンジニア	0	スタッフ_テクニカルサポート_エンジニア	1
ネットワークエンジニア	0	ネットワーク_オペレーション_センターのチーム_リーダー	1
ネットワークエンジニア	0	ネットワークコントロール技術者	1
ネットワークエンジニア	0	ネットワーク_サポート技術者	1
ネットワークエンジニア	0	ネットワーク_コンサルタント	1
ネットワークエンジニア	0	ネットワークアーキテクト	1
ネットワークエンジニア	0	ネットワーク運用責任者	1
ネットワークエンジニア	0	ITシステムエンジニア	1
ネットワークエンジニア	0	電気通信の責任者	1
ネットワークエンジニア	0	フィールドオペレーション技術者	1
ネットワークエンジニア	0	知的財産エンジニア	1
ネットワークエンジニア	0	インターネット管理者	1
ネットワークエンジニア	0	電気通信士	1
ネットワークエンジニア	0	ネットワークデザイナー	1
ネットワークエンジニア	0	データセキュリティ管理者	1
ネットワークエンジニア	0	ネットワークセキュリティ_アナリスト	1
ネットワークエンジニア	0	テクニカルサポート	1
ネットワークエンジニア	0	ネットワーク運用ディレクター	1
ネットワークエンジニア	0	無線技術者	1
ネットワークエンジニア	0	電気通信の監督	1
ネットワークエンジニア	0	テクニカルサポート_エキスパート	1
ネットワークエンジニア	0	エンタープライズ_エンジニア	1
ネットワークエンジニア	0	データセンター管理者	1
ネットワークエンジニア	0	ネットワーク設計コンサルタント	1
ネットワークエンジニア	0	ネットワーク運用マネージャー	1
ネットワークエンジニア	0	地域システムエンジニア	1
ネットワークエンジニア	0	ネットワーク_オペレーションセンターのディレクター	1
ネットワークエンジニア	0	ネットワーク_オペレーションセンターのオペレーター	1
ネットワークエンジニア	0	ネットワークシステム_エンジニア	1
ネットワークエンジニア	0	ネットワーク運用エンジニア	1
ネットワークセキュリティ_アナリスト	0	ネットワーク_インテグレーター	1
ネットワークセキュリティ_アナリスト	0	ネットワーク管理者	1
ネットワークセキュリティ_アナリスト	0	テクニカルサポート_エンジニア	1
ネットワークセキュリティ_アナリスト	0	導入エンジニア	1
ネットワークセキュリティ_アナリスト	0	コンピュータネットワーク_スペシャリスト	1
ネットワークセキュリティ_アナリスト	0	ネットワーク設計エンジニア	1
ネットワークセキュリティ_アナリスト	0	システム管理者	1
ネットワークセキュリティ_アナリスト	0	ネットワーク技術者	1
ネットワークセキュリティ_アナリスト	0	情報保証責任者	1
ネットワークセキュリティ_アナリスト	0	VoIPエンジニア	1
ネットワークセキュリティ_アナリスト	0	コンピューター_ネットワークエンジニア	1
ネットワークセキュリティ_アナリスト	0	システムサポート_エンジニア	1
ネットワークセキュリティ_アナリスト	0	データ_ネットワーク_コンサルタント	1
ネットワークセキュリティ_アナリスト	0	ボイスエンジニア	1
ネットワークセキュリティ_アナリスト	0	ネットワークエンジニア	1
ネットワークセキュリティ_アナリスト	0	システムエンジニア	1
ネットワークセキュリティ_アナリスト	0	ITコンサルタント	1
ネットワークセキュリティ_アナリスト	0	ファイアウォール_エンジニア	1
ネットワークセキュリティ_アナリスト	0	システムアナリスト	1
ネットワークセキュリティ_アナリスト	0	ネットワークインフラ_エンジニア	1
ネットワークセキュリティ_アナリスト	0	VoIPネットワークエンジニア	1
ネットワークセキュリティ_アナリスト	0	ネットワークアーキテクト	1
ネットワークセキュリティ_アナリスト	0	ネットワークサポート_アナリスト	1
ネットワークセキュリティ_アナリスト	0	システムネットワーク管理者	1
ネットワークセキュリティ_アナリスト	0	ITスペシャリスト	1
ネットワークセキュリティ_アナリスト	0	ITセキュリティ_アナリスト	1
ネットワークセキュリティ_アナリスト	0	ネットワークセキュリティ_スペシャリスト	1
ネットワークセキュリティ_アナリスト	0	情報セキュリティ管理者	1
ネットワークセキュリティ_アナリスト	0	ITセキュリティ管理者	1
ネットワークセキュリティ_アナリスト	0	セキュリティ_エンジニア	1
ネットワークセキュリティ_アナリスト	0	情報セキュリティエンジニア	1
ネットワークセキュリティ_アナリスト	0	ネットワークセキュリティ_コンサルタント	1
ネットワークセキュリティ_アナリスト	0	ネットワーク_コンサルタント	1
ネットワークセキュリティ_アナリスト	0	ネットワークセキュリティ_エンジニア	1
ネットワークセキュリティ_アナリスト	0	ネットワークオフィサー	1
ネットワークセキュリティ_アナリスト	0	ネットワークセキュリティ管理者	1
ネットワークセキュリティ_アナリスト	0	セキュリティ管理者	1
ネットワークセキュリティ_アナリスト	0	ネットワークアナリスト	1
ネットワークセキュリティ_アナリスト	0	主任セキュリティエンジニア	1
ネットワークセキュリティ_アナリスト	0	ネットワークシステム_エンジニア	1
ネットワークセキュリティ_アナリスト	0	ネットワークサポート_エンジニア	1
ネットワークセキュリティ_アナリスト	0	現地ネットワーク管理者	1
ネットワークセキュリティ_アナリスト	0	ITセキュリティ_エンジニア	1
バーテンダー	0	バンケットサーバー	1
バーテンダー	0	レストランのサーバー	1
バーテンダー	0	ヘッドサーバー	1
バーテンダー	0	バーアテンダント	1
バーテンダー	0	フードサーバー	1
バーテンダー	0	カクテルサーバー	1
バーテンダー	0	ヘッドバーテンダー	1
バーテンダー	0	飲食インターン	1
バーテンダー	0	バーのマネージャー	1
バーテンダー	0	サーバー	1
バーテンダー	0	ミクソロジスト	1
バーテンダー	0	おもてなしコーディネーター	1
バーテンダー	0	バーテンダー_スペシャリスト	1
バーテンダー	0	ゲストサービス_コーディネーター	1
バーテンダー	0	ゲストリレーション_コーディネーター	1
バーテンダー	0	ゲストサービス担当者	1
バーテンダー	0	バンケットコーディネーター	1
バーテンダー	0	アシスタントマネージャー	1
バーテンダー	0	アシスタント_ケータリングマネージャー	1
バーテンダー	0	アシスタント_バーマネージャー	1
バーテンダー	0	レストランとバーのマネージャー	1
バーテンダー	0	カクテルウェイトレス	1
バーテンダー	0	飲食ディレクター	1
バーテンダー	0	アシスタント飲食マネージャー	1
バーテンダー	0	カフェ店長	1
バーテンダー	0	フロントオブハウス_マネージャー	1
バーテンダー	0	バンケット_スーパーバイザー	1
バーテンダー	0	バーのスーパーバイザー	1
バーテンダー	0	レストラン_スーパーバイザー	1
バーテンダー	0	ウェイター	1
バーテンダー	0	ウェイターの責任者	1
バーテンダー	0	飲食スーパーバイザー	1
バーテンダー	0	バンケットキャプテン	1
パン屋	0	ラインクック	1
パン屋	0	料理長	1
パン屋	0	パティシエ	1
パン屋	0	エグゼクティブ_パティシエ	1
パン屋	0	アシスタント_パティシエ	1
パン屋	0	料理人	1
パン屋	0	アシスタントシェフ	1
パン屋	0	キッチンスタッフ	1
パン屋	0	ラインシェフ	1
パン屋	0	企業のシェフ	1
パン屋	0	ケータリングのシェフ	1
パン屋	0	キッチン_スーパーバイザー	1
パン屋	0	仕出し屋	1
パン屋	0	フードサービスマネージャー	1
パン屋	0	パテシエ	1
パン屋	0	アシスタントクック	1
パーソナルフィットネストレーナー	0	フィットネストレーナー	1
パーソナルフィットネストレーナー	0	フィットネス専門家	1
パーソナルフィットネストレーナー	0	パーソナルトレーニンクの゙ディレクター	1
パーソナルフィットネストレーナー	0	パーソナルトレーニング_マネージャー	1
パーソナルフィットネストレーナー	0	健康とフィットネスの専門家	1
パーソナルフィットネストレーナー	0	クロスフィットインストラクター	1
パーソナルフィットネストレーナー	0	フィットネスマネージャー	1
パーソナルフィットネストレーナー	0	インドアバイク_インストラクター	1
パーソナルフィットネストレーナー	0	フィットネス_コンサルタント	1
パーソナルフィットネストレーナー	0	グループフィットネス_インストラクター	1
パーソナルフィットネストレーナー	0	認定パーソナルトレーナー	1
パーソナルフィットネストレーナー	0	パーソナルトレーナー	1
パーソナルフィットネストレーナー	0	フィットネス_コーディネーター	1
パーソナルフィットネストレーナー	0	フィットネスコーチ	1
パーソナルフィットネストレーナー	0	ブートキャンプ講師	1
パーソナルフィットネストレーナー	0	フィットネス_ディレクター	1
プライベート_エクイティ_アナリスト	0	金融サービス担当者	1
プライベート_エクイティ_アナリスト	0	ベンチャーキャピタル_アナリスト	1
プライベート_エクイティ_アナリスト	0	企業財務インターン	1
プライベート_エクイティ_アナリスト	0	投資銀行アソシエイト	1
プライベート_エクイティ_アナリスト	0	金融アナリスト	1
プライベート_エクイティ_アナリスト	0	投資銀行インターン	1
プライベート_エクイティ_アナリスト	0	プライベート_エクイティ_アソシエイト	1
プライベート_エクイティ_アナリスト	0	ポートフォリオ管理アナリスト	1
プライベート_エクイティ_アナリスト	0	コーポレートバンキング_アナリスト	1
プライベート_エクイティ_アナリスト	0	プライベート_エクイティ_インターン	1
プライベート_エクイティ_アナリスト	0	投資調査アナリスト	1
プライベート_エクイティ_アナリスト	0	投資銀行のサマーアナリスト	1
プライベート_エクイティ_アナリスト	0	投資銀行アナリスト	1
プライベート_エクイティ_アナリスト	0	投資アナリスト	1
プライベート_エクイティ_アナリスト	0	ファンディング_アナリスト	1
プライベート_エクイティ_アナリスト	0	レバレッジ_ファイナンス_アナリスト	1
プライベート_エクイティ_アナリスト	0	ストラクチャード_ファイナンス_アナリスト	1
プライベート_エクイティ_アナリスト	0	企業開発アナリスト	1
プライベート_エクイティ_アナリスト	0	取引アナリスト	1
プライベート_エクイティ_アナリスト	0	株式調査責任者	1
プライベート_エクイティ_アナリスト	0	株式調査員	1
プライベート_エクイティ_アナリスト	0	企業財務アナリスト	1
プライベート_エクイティ_アナリスト	0	企業開発アソシエイト	1
プライベート_エクイティ_アナリスト	0	評価アナリスト	1
プライベート_エクイティ_アナリスト	0	株式調査インターン	1
プライベート_エクイティ_アナリスト	0	評価担当者	1
プライベート_エクイティ_アナリスト	0	IRアソシエイト	1
プライベート_エクイティ_アナリスト	0	市場調査アナリスト	1
プライベート_エクイティ_アナリスト	0	アシスタント_ファンドマネージャー	1
ファッションデザイナー	0	デザインインストラクター	1
ファッションデザイナー	0	ファッションコーディネーター	1
ファッションデザイナー	0	ファッションアシスタント	1
ファッションデザイナー	0	アパレルデザイナー	1
ファッションデザイナー	0	インタラクティブ_アートディレクター	1
ファッションデザイナー	0	ブランドデザイナー	1
ファッションデザイナー	0	裁縫講師	1
ファッションデザイナー	0	アクセサリー_デザイナー	1
ファッションデザイナー	0	ファッションデザイナー	1
ファッションデザイナー	0	シューズデザイナー	1
ファッションデザイナー	0	プリントデザイナー	1
ファッションデザイナー	0	スタイルコンサルタント	1
ファッションデザイナー	0	アシスタントデザイナー	1
ファッションデザイナー	0	パターンメーカー	1
ファッションデザイナー	0	テキスタイルデザイナー	1
ファッションデザイナー	0	プロダクトデザイン_コンサルタント	1
ファッションデザイナー	0	製品開発アソシエイト	1
ファッションデザイナー	0	プロダクトデザイナー	1
ファッションデザイナー	0	デザイナー	1
ファッションデザイナー	0	アシスタント技術デザイナー	1
ファッションデザイナー	0	婦人服デザイナー	1
ファッションデザイナー	0	ヘッドデザイナー	1
ファッションデザイナー	0	紳士服デザイナー	1
ファッションデザイナー	0	テクニカルデザイナー	1
ファッションデザイナー	0	アートディレクションのインターン	1
ファッションデザイナー	0	ファッションデザイン_インターン	1
ファッションデザイナー	0	デザインインターン	1
ファッションデザイナー	0	デザインチームのリーダー	1
ファッションデザイナー	0	デザイン部の責任者	1
ファッションデザイナー	0	ニットウェアデザイナー	1
ファッションデザイナー	0	設計と製作のインターン	1
ファッションデザイナー	0	製品開発アシスタント	1
フォトグラファー	0	契約フォトグラファー	1
フォトグラファー	0	写真編集者	1
フォトグラファー	0	美術写真家	1
フォトグラファー	0	写真マネージャー	1
フォトグラファー	0	フォトスタイリスト	1
フォトグラファー	0	写真検査技師	1
フォトグラファー	0	写真技術者	1
フォトグラファー	0	スポーツ写真家	1
フォトグラファー	0	フォトグラファー_アシスタント	1
フォトグラファー	0	写真専門家	1
フォトグラファー	0	プロ写真家	1
フォトグラファー	0	アシスタント_フォトグラファー	1
フォトグラファー	0	ファッション写真家	1
フォトグラファー	0	スタッフフォトグラファー	1
フォトグラファー	0	イベントフォトグラファー	1
フォークリフト運転手	0	ローダー	1
フォークリフト運転手	0	選別者	1
フォークリフト運転手	0	出荷リーダー	1
フォークリフト運転手	0	ピッカー	1
フォークリフト運転手	0	倉庫管理者	1
フォークリフト運転手	0	出荷と受入マネージャー	1
フォークリフト運転手	0	オーダーセレクター	1
フォークリフト運転手	0	マテリアルハンドラー	1
フォークリフト運転手	0	受入のスーパーバイザー	1
フォークリフト運転手	0	出荷と受入コーディネーター	1
フォークリフト運転手	0	荷送人	1
フォークリフト運転手	0	倉庫作業員	1
フォークリフト運転手	0	出荷と受入担当者	1
フォークリフト運転手	0	倉庫オペレーター	1
フォークリフト運転手	0	倉庫スタッフ	1
フォークリフト運転手	0	オーダーピッカー	1
フォークリフト運転手	0	店主	1
フロント_スーパーバイザー	0	フロントオフィス_スーパーバイザー	1
フロント_スーパーバイザー	0	アシスタント_フロントオフィス_マネージャー	1
フロント_スーパーバイザー	0	フロントオフィス役員	1
フロント_スーパーバイザー	0	ゼネラルマネージャーの個人秘書	1
フロント_スーパーバイザー	0	フロントオフィス_アソシエイト	1
フロント_スーパーバイザー	0	予約販売エージェント	1
フロント_スーパーバイザー	0	ゲストリレーション_スーパーバイザー	1
フロント_スーパーバイザー	0	ナイトオーディター	1
フロント_スーパーバイザー	0	コンシェルジュ	1
フロント_スーパーバイザー	0	予約コーディネーター	1
フロント_スーパーバイザー	0	受付スーパーバイザー	1
フロント_スーパーバイザー	0	ゲストサービス_スーパーバイザー	1
フロント_スーパーバイザー	0	予約エージェント	1
フロント_スーパーバイザー	0	受付マネージャー	1
フロント_スーパーバイザー	0	宿屋の主	1
フロント_スーパーバイザー	0	フロントオフィス_エージェント	1
フロント_スーパーバイザー	0	アシスタント_フロントマネージャー	1
フロント_スーパーバイザー	0	フロントオフィスのチームリーダー	1
フロント_スーパーバイザー	0	ゲストサービス担当者	1
フロント_スーパーバイザー	0	フロント担当者	1
フロント_スーパーバイザー	0	フロントデスク_マネージャー	1
フロント_スーパーバイザー	0	ホスピタリティマネージャー	1
フロント_スーパーバイザー	0	フロントオフィス_マネージャー	1
フロント_スーパーバイザー	0	スパ_スーパーバイザー	1
フロント_スーパーバイザー	0	カンファレンス_サービス_コーディネーター	1
フロント_スーパーバイザー	0	アシスタント予約マネージャー	1
フロント_スーパーバイザー	0	ゲストサービス_アシスタントマネージャー	1
フロント_スーパーバイザー	0	フロントオブハウス_マネージャー	1
フロント_スーパーバイザー	0	エグゼクティブ_ハウスキーパー	1
フロント_スーパーバイザー	0	客室部門_マネージャー	1
フロント_スーパーバイザー	0	ゲストリレーションス役員	1
フロント_スーパーバイザー	0	ゲストサービス担当者	1
フロント_スーパーバイザー	0	夜勤のマネージャー	1
フロント_スーパーバイザー	0	団体予約コーディネーター	1
フロント_スーパーバイザー	0	当直マネージャー	1
フロント_スーパーバイザー	0	ゲストリレーション_オフィサー	1
フロント_スーパーバイザー	0	アシスタント_レベニューマネージャー	1
フロント_スーパーバイザー	0	ハウスキーピングのアシスタントディレクター	1
フロント_スーパーバイザー	0	イベント役員	1
フロント_スーパーバイザー	0	会議サービス_マネージャー	1
フロント_スーパーバイザー	0	フロントオフィス_インターン	1
フロント_スーパーバイザー	0	夜勤のアシスタントマネージャー	1
ヘアスタイリスト	0	サロンコーディネーター	1
ヘアスタイリスト	0	サロンオーナー	1
ヘアスタイリスト	0	ファッションスタイリスト	1
ヘアスタイリスト	0	ヘアメイクアーティスト	1
ヘアスタイリスト	0	床屋	1
ヘアスタイリスト	0	ファッションデザイン_インターン	1
ヘアスタイリスト	0	美容師	1
ヘアスタイリスト	0	カラースペシャリスト	1
ヘアスタイリスト	0	ファッションコンサルタント	1
ヘアスタイリスト	0	マスター_スタイリスト	1
ヘアスタイリスト	0	スタイリスト	1
ヘアスタイリスト	0	コスメトロジスト	1
ヘアスタイリスト	0	ヘアデザイナー	1
ポートフォリオ_アナリスト	0	ポートフォリオ管理アナリスト	1
ポートフォリオ_アナリスト	0	投資アナリスト	1
ポートフォリオ_アナリスト	0	投資パフォーマンス_アナリスト	1
ポートフォリオ_アナリスト	0	投資信託アナリスト	1
ポートフォリオ_アナリスト	0	自己株式トレーダー	1
ポートフォリオ_アナリスト	0	投資調査アナリスト	1
ポートフォリオ_アナリスト	0	法人営業ディレクター	1
ポートフォリオ_アナリスト	0	ミドルオフィス担当	1
ポートフォリオ_アナリスト	0	アドバイザリー_セールス_スペシャリスト	1
ポートフォリオ_アナリスト	0	商品アナリスト	1
ポートフォリオ_アナリスト	0	アシスタント_ポートフォリオマネージャー	1
ポートフォリオ_アナリスト	0	投資責任者	1
ポートフォリオ_アナリスト	0	アシスタント_ファンドマネージャー	1
ポートフォリオ_アナリスト	0	IRアソシエイト	1
ポートフォリオ_アナリスト	0	投資ストラテジスト	1
ポートフォリオ_アナリスト	0	アシスタント_インベストメント_マネージャー	1
ポートフォリオ_アナリスト	0	最高投資責任者	1
ポートフォリオ_アナリスト	0	投資信託スペシャリスト	1
ポートフォリオ_アナリスト	0	取締役社長	1
ポートフォリオ_アナリスト	0	取引アナリスト	1
ポートフォリオ_アナリスト	0	主任ポートフォリオ_マネージャー	1
ポートフォリオ_アナリスト	0	株式ポートフォリオマネージャー	1
ポートフォリオ_アナリスト	0	ファンドマネージャー	1
ポートフォリオ_アナリスト	0	リスク管理担当者	1
ポートフォリオ_アナリスト	0	投資運用マネージャー	1
ポートフォリオ_アナリスト	0	金融アナリスト	1
ポートフォリオ_アナリスト	0	債券ポートフォリオ_マネージャー	1
ポートフォリオ_アナリスト	0	債券ディレクター	1
ポートフォリオ_アナリスト	0	ヘッジファント_アナリスト	1
ポートフォリオ_アナリスト	0	公認金融アナリスト	1
ポートフォリオ_アナリスト	0	債券アナリスト	1
ポートフォリオ_アナリスト	0	ポートフォリオ_アソシエイト	1
ポートフォリオ_アナリスト	0	ポートフォリオ_マネージャー	1
ポートフォリオ_アナリスト	0	ファンドアナリスト	1
ポートフォリオ_アナリスト	0	金融市場アナリスト	1
ポートフォリオ_アナリスト	0	投資専門家	1
メイクアップアーティスト	0	ビューティーアドバイザー	1
メイクアップアーティスト	0	床屋	1
メイクアップアーティスト	0	サロンオーナー	1
メイクアップアーティスト	0	ヘアメイクアーティスト	1
メイクアップアーティスト	0	ネイリスト	1
メイクアップアーティスト	0	美容師	1
メイクアップアーティスト	0	ヘアスタイリスト	1
メイクアップアーティスト	0	プロのメイクアップアーティスト	1
メイクアップアーティスト	0	ヘアデザイナー	1
メディアバイヤー	0	デジタルメディア_プランナー	1
メディアバイヤー	0	グループメディア_ディレクター	1
メディアバイヤー	0	デジタルメディア責任者	1
メディアバイヤー	0	メディア関係者	1
メディアバイヤー	0	ソーシャルメディア_マーケティング_コンサルタント	1
メディアバイヤー	0	メディアプランナー	1
メディアバイヤー	0	メディア戦略家	1
メディアバイヤー	0	交通管理者	1
メディアバイヤー	0	広告スーパーバイザー	1
メディアバイヤー	0	インターネット_マーケティング_コーディネーター	1
メディアバイヤー	0	オンライン_マーケター	1
メディアバイヤー	0	放送交渉人	1
メディアバイヤー	0	メディアプランニング_スーパーバイザー	1
メディアバイヤー	0	案内広告のマネージャー	1
メディアバイヤー	0	メディアスーパーバイザー	1
メディアバイヤー	0	アカウントプランナー	1
メディアバイヤー	0	デジタルプランナー	1
メディアバイヤー	0	デジタルスーパーバイザー	1
メディアバイヤー	0	営業スプランナー	1
メディアバイヤー	0	放送バイヤー	1
メディアバイヤー	0	インタラクティブ販売マネージャー	1
メディアバイヤー	0	戦略スーパーバイザー	1
メディアバイヤー	0	メディアマネージャー	1
メディアバイヤー	0	オンライン広告マネージャー	1
メディアバイヤー	0	ソーシャルメディア_マーケティング_マネージャー	1
メディアバイヤー	0	デジタルマーケティング_マネージャー	1
メディアバイヤー	0	デジタルメディア_スーパーバイザー	1
メディアバイヤー	0	アカウント_ディレクター	1
メディアバイヤー	0	マーケティンク戦略家	1
メディアバイヤー	0	デジタルアカウント_ディレクター	1
メディアバイヤー	0	メディアディレクター	1
メディアバイヤー	0	ソーシャルメディア_マネージャー	1
メディアバイヤー	0	アカウント_ストラテジスト	1
メディアバイヤー	0	メディア_エグゼクティブ	1
メディアバイヤー	0	マーケティングコンサルタント	1
メディアバイヤー	0	広告担当マネージャー	1
メディアバイヤー	0	デジタルアカウント_マネージャー	1
メディアバイヤー	0	メディアグループ責任者	1
メディアバイヤー	0	広告責任者	1
メディアバイヤー	0	広告マネージャー	1
メディエーター	0	訴訟弁護士	1
メディエーター	0	労働と雇用弁護士	1
メディエーター	0	家族法弁護士	1
メディエーター	0	訴訟アソシエイト	1
メディエーター	0	司法長官補佐	1
メディエーター	0	契約弁護士	1
メディエーター	0	訴訟補佐人	1
メディエーター	0	訴訟パートナー	1
メディエーター	0	訴訟ディレクター	1
メディエーター	0	訴訟スペシャリスト	1
メディエーター	0	株式パートナー	1
メディエーター	0	管理株主	1
メディエーター	0	行政法判事	1
メディエーター	0	地方判事	1
メディエーター	0	擁護者	1
メディエーター	0	事務弁護士	1
メディエーター	0	弁護士補佐	1
メディエーター	0	裁判官	1
メディエーター	0	主任弁護士	1
メディエーター	0	仲裁人	1
メディエーター	0	裁判弁護士	1
メディエーター	0	訴訟コンサルタント	1
メディエーター	0	弁護士	1
メディエーター	0	ヒアリング_オフィサー	1
メディエーター	0	管理弁護士	1
メディエーター	0	請求弁護士	1
メディエーター	0	特別顧問	1
メディエーター	0	法律事務員	1
レジスタッフ	0	フロントカウンター_アソシエイト	1
レジスタッフ	0	袋詰め係	1
レジスタッフ	0	フロアリーダー	1
レジスタッフ	0	営業担当者	1
レジスタッフ	0	フロアスタッフ	1
レジスタッフ	0	株式担当者	1
レジスタッフ	0	飲食店の労働者	1
レジスタッフ	0	シフトリーダー	1
レジスタッフ	0	鍵管理人	1
レジスタッフ	0	小売販売員	1
レジスタッフ	0	アシスタントマネージャー	1
レジスタッフ	0	会員サービス員	1
レジスタッフ	0	挨拶係	1
レジスタッフ	0	カスタマーサービススペシャリスト	1
レジスタッフ	0	青果担当者	1
レジスタッフ	0	フロントエンド_スーパーバイザー	1
レジスタッフ	0	顧客サービス担当者	1
レジスタッフ	0	小売販売アシスタント	1
レジスタッフ	0	アシスタント_フロントエンド_マネージャー	1
レジスタッフ	0	日焼けコンサルタント	1
レジスタッフ	0	カウンター店員	1
レジスタッフ	0	セールスチームのメンバー	1
レジスタッフ	0	アルバイトの販売員	1
レジスタッフ	0	販売員	1
レジスタッフ	0	食品スーパーのスタッフ	1
レジスタッフ	0	小売店スタッフ	1
レジスタッフ	0	食料品店の店員	1
レジスタッフ	0	レジ責任者	1
レジスタッフ	0	セカンド_アシスタントマネージャー	1
レジスタッフ	0	レジの顧客サービス	1
レジスタッフ	0	期間限定の販売スタッフ	1
レジスタッフ	0	エグゼクティブ_チームリーダー－ゲストエクスペリエンス	1
レジスタッフ	0	銀行窓口	1
レジスタッフ	0	臨時スタッフ	1
不動産業者	0	不動産の責任者	1
不動産業者	0	不動産チームリーダー	1
不動産業者	0	運営プリンシパル	1
不動産業者	0	住宅不動産業者	1
不動産業者	0	代理店の責任者	1
不動産業者	0	認定住宅鑑定士	1
不動産業者	0	タイトルエージェント	1
不動産業者	0	コミュニティ販売マネージャー	1
不動産業者	0	不動産鑑定士	1
不動産業者	0	公認アソシエイト不動産ブローカー	1
不動産業者	0	不動産ブローカー	1
不動産業者	0	紹介エージェント	1
不動産業者	0	新居販売コンサルタント	1
不動産業者	0	公認不動産鑑定士	1
不動産業者	0	バイヤー_エージェント	1
不動産業者	0	不動産コンサルタント	1
不動産業者	0	ブローカー	1
不動産業者	0	指定ブローカー	1
不動産業者	0	不動産アソシエイト	1
不動産業者	0	不動産管理者	1
不動産業者	0	ブローカーの営業担当	1
不動産業者	0	タイトルオフィサー	1
不動産業者	0	移転ディレクター	1
不動産業者	0	公認不動産専門家	1
不動産業者	0	アフィリエイトブローカー	1
不動産業者	0	ホームステージャー	1
不動産業者	0	不動産販売業者	1
不動産業者	0	不動産販売員	1
不動産業者	0	不動産エージェント	1
不動産業者	0	新居販売カウンセラー	1
不動産業者	0	新居コンサルタント	1
不動産業者	0	公認販売業者	1
不動産業者	0	不動産専門家	1
不動産業者	0	移転専門家	1
不動産業者	0	代理店オーナー	1
不動産業者	0	プロの不動産業者	1
不動産業者	0	商業用不動産業者	1
不動産業者	0	公認不動産業者	1
人材獲得	0	人事アナリスト	1
人材獲得	0	新卒採用マネージャー	1
人材獲得	0	人材獲得リーダー	1
人材獲得	0	人材獲得マネージャー	1
人材獲得	0	人材獲得役員	1
人材獲得	0	人材獲得ディレクター	1
人材獲得	0	採用担当者	1
人材獲得	0	人事採用スペシャリスト	1
人材獲得	0	採用と選考のマネージャー	1
人材獲得	0	採用スペシャリスト	1
人材獲得	0	国際リクルーター	1
人材獲得	0	資源調達の責任者	1
人材獲得	0	全国採用担当者	1
人材獲得	0	タレントマネジメント責任者	1
人材獲得	0	採用責任者	1
人材獲得	0	採用プロジェクトマネージャー	1
人材獲得	0	人材獲得スペシャリスト	1
人材獲得	0	採用マネージャー	1
人材獲得	0	正社員採用コンサルタント	1
人材獲得	0	人材獲得コンサルタント	1
人材獲得	0	地域採用マネージャー	1
人材獲得	0	マネージャーの人材獲得	1
人材獲得	0	採用スーパーバイザー	1
人材獲得	0	人材獲得副社長	1
人材獲得	0	採用と研修マネージャー	1
人材獲得	0	タレントマネジメント_コンサルタント	1
人材獲得	0	人事コンサルタント	1
人材獲得	0	リソース_スペシャリスト	1
人材獲得	0	報酬および福利厚生コーディネーター	1
人材獲得	0	人事担当者	1
人材獲得	0	人事総務	1
人材獲得	0	人材派遣部長	1
人材獲得	0	人事コーディネーター	1
人材獲得	0	採用アシスタント	1
人材獲得	0	人事採用コーディネーター	1
人材獲得	0	人材派遣管理者	1
人材獲得	0	エグゼクティブサーチ_コンサルタント	1
人材獲得	0	グローバル人事担当副社長	1
人材獲得	0	タレントマネージャー	1
人材獲得	0	人事責任者	1
人材獲得	0	人事ビジネスパートナー	1
人材獲得	0	採用担当役員	1
人材獲得	0	採用アナリスト	1
人材獲得	0	全国人事マネージャー	1
人材獲得	0	タレントマネジメント_スペシャリスト	1
人材獲得	0	採用アシスタントマネージャー	1
人材獲得	0	タレントディレクター	1
人材獲得	0	人事マネージャー	1
人材獲得	0	エグゼクティブサーチのディレクター	1
人材獲得	0	リソースマネージャー	1
人材獲得	0	グループ人事マネージャー	1
仕出し屋	0	ケータリングのシェフ	1
仕出し屋	0	バンケットシェフ	1
仕出し屋	0	コーポレート_エグゼクティブシェフ	1
仕出し屋	0	総料理長	1
仕出し屋	0	企業のシェフ	1
仕出し屋	0	ケータリング_イベントマネージャー	1
仕出し屋	0	エグゼクティブ_スーシェフ	1
仕出し屋	0	副料理長	1
仕出し屋	0	レストランのシェフ	1
仕出し屋	0	アシスタントシェフ	1
仕出し屋	0	パーソナルシェフ	1
仕出し屋	0	料理長	1
仕出し屋	0	プライベートシェフ	1
仕出し屋	0	シェフ	1
仕出し屋	0	バンケット_スーパーバイザー	1
仕出し屋	0	フードサービスマネージャー	1
仕出し屋	0	料理人	1
仕出し屋	0	料理講師	1
仕出し屋	0	ラインクック	1
仕出し屋	0	ケータリング_スーパーバイザー	1
仕出し屋	0	バンケットキャプテン	1
仕出し屋	0	アシスタントクック	1
仕出し屋	0	キッチン_スーパーバイザー	1
仕出し屋	0	エグゼクティブ_パティシエ	1
仕出し屋	0	パン屋	1
作曲家	0	レコーディングエンジニア	1
作曲家	0	ソングライター	1
作曲家	0	映画作曲家	1
作曲家	0	バンドメンバー	1
作曲家	0	ミュージシャン	1
作曲家	0	プロのミュージシャン	1
作曲家	0	音楽プロデューサー	1
作曲家	0	音響プロデューサー	1
作曲家	0	音楽専門家	1
作曲家	0	音楽コンサルタント	1
作曲家	0	音楽作曲家	1
保険ブローカー	0	最高引受責任者	1
保険ブローカー	0	代理店現場幹部	1
保険ブローカー	0	不動産コンサルタント	1
保険ブローカー	0	生命保険会社	1
保険ブローカー	0	代理店代表	1
保険ブローカー	0	公認販売業者	1
保険ブローカー	0	代理店分野の専門家	1
保険ブローカー	0	ブローカー	1
保険ブローカー	0	保険担当役員	1
保険ブローカー	0	ブローカーの営業担当	1
保険ブローカー	0	アフィリエイトブローカー	1
保険ブローカー	0	商業保険エージェント	1
保険ブローカー	0	引受コンサルタント	1
保険ブローカー	0	公認不動産業者	1
保険ブローカー	0	保険責任者	1
保険ブローカー	0	保険プロデューサー	1
保険ブローカー	0	公認アソシエイト不動産ブローカー	1
保険ブローカー	0	保険コンサルタント	1
保険ブローカー	0	代理店マネージャー	1
保険ブローカー	0	引受取締役	1
保険ブローカー	0	制作請負業者	1
保険ブローカー	0	コマーシャル_ラインプロデューサー	1
保険ブローカー	0	保険口座の担当者	1
保険ブローカー	0	バイヤー_エージェント	1
保険ブローカー	0	マーケティング担当者	1
保険ブローカー	0	不動産販売員	1
保険ブローカー	0	保険のスペシャリスト	1
保険ブローカー	0	総代理店	1
保険ブローカー	0	フィールド_アンダーライター	1
保険ブローカー	0	不動産アソシエイト	1
保険ブローカー	0	代理店オーナー	1
保険ブローカー	0	認定保険エージェント	1
保険ブローカー	0	パーソナルライン_マネージャー	1
保険ブローカー	0	レンタルエージェント	1
保険ブローカー	0	マネージングブローカー	1
保険ブローカー	0	保険エージェント	1
保険ブローカー	0	引受アシスタント	1
保険ブローカー	0	保険アンダーライター	1
保険ブローカー	0	保険営業員	1
保険ブローカー	0	パーソナルライン_アンダーライター	1
保険ブローカー	0	代理店の責任者	1
保険ブローカー	0	ブローカーアシスタント	1
保険ブローカー	0	財務担当者	1
保険ブローカー	0	クライアントの代弁者	1
保険ブローカー	0	住宅不動産業者	1
保険ブローカー	0	商業保険ブローカー	1
冶金学者	0	冶金エンジニア	1
冶金学者	0	プラント冶金学者	1
出版社	0	出版ディレクター	1
出版社	0	編集監修	1
出版社	0	メディア研究者	1
出版社	0	編集コンサルタント	1
出版社	0	編集部長	1
出版社	0	管理編集者	1
出版社	0	出版部の責任者	1
出版社	0	編集ディレクター	1
出版社	0	編集制作担当	1
出版社	0	出版マネージャー	1
出版社	0	契約コピーライター	1
出版社	0	編集コーディネーター	1
出版社	0	出版編集者	1
出版社	0	出版コーディネーター	1
出版社	0	グループ発行者	1
出版社	0	編集アシスタント	1
出版社	0	出版コンサルタント	1
出版社	0	ライフスタイル編集者	1
出版社	0	出版アシスタント	1
出版社	0	都市編集者	1
出版社	0	出版マネージャー	1
出版社	0	編集ライター	1
出版社	0	コピーマネージャー	1
出版社	0	内部コミュニケーション担当者	1
出版社	0	コントリビューター	1
出版社	0	コンテンツ開発者	1
出版社	0	広報マネージャー	1
出版社	0	編集長	1
出版社	0	コンテンツ戦略家	1
出版社	0	プロジェクトエディター	1
出版社	0	旅行編集者	1
出版社	0	マーケットレポーター	1
出版社	0	チーフ記者	1
出版社	0	コミッショニング_エディター	1
出版社	0	メトロ編集者	1
出版社	0	広報	1
出版社	0	編集者	1
出版社	0	コミュニケーションマネージャー	1
出版社	0	編集プロジェクトマネージャー	1
出版社	0	メディアリレーションズ_オフィサー	1
出版社	0	顧問編集者	1
出版社	0	広報担当者	1
出版社	0	コピーライター	1
刑事	0	兵士	1
刑事	0	保安官	1
刑事	0	副マネージャー	1
刑事	0	巡査部長	1
刑事	0	警察副署長	1
刑事	0	警部補	1
刑事	0	予備警察官	1
刑事	0	警察署長補佐	1
刑事	0	警部	1
刑事	0	主任捜査官	1
刑事	0	私立探偵	1
刑事	0	警察署長	1
刑事	0	治安要員	1
刑事	0	中尉	1
刑事	0	副保安官	1
刑事	0	特別捜査官	1
刑事	0	軍曹	1
刑事	0	巡査	1
刑事	0	警察官	1
刑事	0	州警察​​官	1
刑事	0	詐欺捜査官	1
動画編集者	0	ポストプロダクション_マネージャー	1
動画編集者	0	映像制作ディレクター	1
動画編集者	0	VFXアーティスト	1
動画編集者	0	ビデオ制作担当	1
動画編集者	0	ポストプロダクション_アシスタント	1
動画編集者	0	ポストプロダクションインターン	1
動画編集者	0	プロデューサー	1
動画編集者	0	メディア技術者	1
動画編集者	0	カメラオペレーター	1
動画編集者	0	メディアサービス_ディレクター	1
動画編集者	0	ファースト_アシスタントディレクター	1
動画編集者	0	映画製作者	1
動画編集者	0	クリエイティブサービス_プロデューサー	1
動画編集者	0	映画監督	1
動画編集者	0	カメラアシスタント	1
動画編集者	0	ポストプロダクション_コーディネーター	1
動画編集者	0	製作責任者	1
動画編集者	0	ポストプロデューサー	1
動画編集者	0	映画プロデューサー	1
動画編集者	0	映像制作スペシャリスト	1
動画編集者	0	メディア制作スペシャリスト	1
動画編集者	0	ポストプロダクションのディレクター	1
動画編集者	0	ポストプロダクションの責任者	1
動画編集者	0	映画とビデオの編集者	1
動画編集者	0	映画編集者	1
動画編集者	0	カメラマン	1
動画編集者	0	アシスタント動画編集者	1
動画編集者	0	マルチメディア_プロデューサー	1
動画編集者	0	映像作家	1
動画編集者	0	撮影監督	1
動画編集者	0	映像プロデューサー	1
動画編集者	0	AVID編集者	1
動画編集者	0	アシスタントエディター	1
動画編集者	0	デジタルメディア_プロデューサー	1
動画編集者	0	ポストプロダクション_エディター	1
化学オペレーター	0	プロセス設計エンジニア	1
化学オペレーター	0	工場プロセスエンジニア	1
化学オペレーター	0	プロセスエンジニア	1
化学オペレーター	0	プロセス工学の専門家	1
化学オペレーター	0	プロセス_スペシャリスト	1
化学オペレーター	0	化学エンジニア	1
土木技術者	0	建設インターン	1
土木技術者	0	舗装エンジニア	1
土木技術者	0	地方自治体の技術者	1
土木技術者	0	テクニカル_オフィス_エンジニア	1
土木技術者	0	プロジェクトアシスタント	1
土木技術者	0	排水エンジニア	1
土木技術者	0	セクションエンジニア	1
土木技術者	0	市民監督者	1
土木技術者	0	土木デザイナー	1
土木技術者	0	建設検査官	1
土木技術者	0	地区のエンジニア	1
土木技術者	0	アシスタント建設マネージャー	1
土木技術者	0	プロのエンジニア	1
土木技術者	0	土木製図者	1
土木技術者	0	橋のエンジニア	1
土木技術者	0	土木設計エンジニア	1
土木技術者	0	サイトエンジニア	1
土木技術者	0	現場土木技術者	1
土木技術者	0	常駐エンジニア	1
土木技術者	0	土木技術者	1
土木技術者	0	アシスタント都市エンジニア	1
土木技術者	0	アシスタント_プロジェクトエンジニア	1
土木技術者	0	主任土木技術者	1
土木技術者	0	構造エンジニアの大学院生	1
土木技術者	0	土木工学のインターン	1
土木技術者	0	アシスタント常駐エンジニア	1
土木技術者	0	土木エンジニアの大学院生	1
大工	0	請負業者	1
大工	0	現場監督	1
大工	0	ゼネラルコントラクター	1
大工	0	建設者	1
大工	0	マスター大工	1
小学校教師	0	教師	1
小学校教師	0	教育診断士	1
小学校教師	0	高校の教員	1
小学校教師	0	読書コーチ	1
小学校教師	0	指導助手	1
小学校教師	0	英語を話す美術教師	1
小学校教師	0	クラスの教師	1
小学校教師	0	識字コーチ	1
小学校教師	0	言語芸術教師	1
小学校教師	0	読書の家庭教師	1
小学校教師	0	供給教師	1
小学校教師	0	中学校の科学教師	1
小学校教師	0	教育コーチ	1
小学校教師	0	学習サポート教師	1
小学校教師	0	特別教育の指導助手	1
小学校教師	0	読書の教師	1
小学校教師	0	ビジネス教育の教師	1
小学校教師	0	小学校の校長	1
小学校教師	0	中学の英語教師	1
小学校教師	0	補助教育者	1
小学校教師	0	特別教育の監修者	1
小学校教師	0	校長補佐	1
小学校教師	0	指導専門家	1
小学校教師	0	保育士	1
小学校教師	0	スタッフ開発者	1
小学校教師	0	技術コーチ	1
小学校教師	0	中学校の数学教師	1
小学校教師	0	サマースクールの先生	1
小学校教師	0	初等教育の教師	1
小学校教師	0	公立学校教師	1
小学校教師	0	臨時教員	1
小学校教師	0	特別教育の教師	1
小学校教師	0	小学校教師	1
小学校教師	0	中学校の教員	1
小学校教師	0	歴史教師	1
小学校教師	0	出席係	1
小学校教師	0	特別サービスのディレクター	1
小学校教師	0	校長	1
小学校教師	0	識字専門家	1
小学校教師	0	読書の専門家	1
小学校教師	0	ゲスト講師	1
幼稚園の先生	0	プレスクールの教諭助手	1
幼稚園の先生	0	言語芸術教師	1
幼稚園の先生	0	識字コーチ	1
幼稚園の先生	0	サマースクールの先生	1
幼稚園の先生	0	臨時教員	1
幼稚園の先生	0	Title_1プログラムの教師	1
幼稚園の先生	0	代理教師	1
幼稚園の先生	0	教師	1
幼稚園の先生	0	特別教育アシスタント	1
幼稚園の先生	0	読書の教師	1
幼稚園の先生	0	クラスの教師	1
幼稚園の先生	0	プレスクールの教師	1
幼稚園の先生	0	教育診断士	1
幼稚園の先生	0	読み書きの家庭教師	1
幼稚園の先生	0	英語を話す美術教師	1
幼稚園の先生	0	読書の家庭教師	1
幼稚園の先生	0	校長	1
幼稚園の先生	0	初等教育の教師	1
幼稚園の先生	0	プレスクールの園長	1
幼稚園の先生	0	中学校の教員	1
幼稚園の先生	0	公立学校教師	1
幼稚園の先生	0	特別教育の教師	1
幼稚園の先生	0	プリスクールの教諭	1
幼稚園の先生	0	特別教育者	1
幼稚園の先生	0	幼児教育者	1
幼稚園の先生	0	読書の専門家	1
幼稚園の先生	0	小学校教師	1
幼稚園の先生	0	副校長	1
幼稚園の先生	0	指導助手	1
幼稚園の先生	0	中学校の教師	1
幼稚園の先生	0	高校の教員	1
幼稚園の先生	0	幼児教師	1
幼稚園の先生	0	学習サポート教師	1
幼稚園の先生	0	学生教師	1
幼稚園の先生	0	小学校のカウンセラー	1
幼稚園の先生	0	識字専門家	1
幼稚園の先生	0	教育セラピスト	1
幼稚園の先生	0	読書コーチ	1
広報担当役員	0	マーケティングと広報のスペシャリスト	1
広報担当役員	0	マーケティングと広報担当者	1
広報担当役員	0	マーケティング_コミュニケーション_スペシャリスト	1
広報担当役員	0	広報・コミュニケーション_コーディネーター	1
広報担当役員	0	ソーシャルメディア_マネージャー	1
広報担当役員	0	コミュニケーション_リーダー	1
広報担当役員	0	広報マネージャー	1
広報担当役員	0	ソーシャルメディア_スペシャリスト	1
広報担当役員	0	広報コンサルタント	1
広報担当役員	0	広報スペシャリスト	1
広報担当役員	0	広報代表者	1
広報担当役員	0	広報コーディネーター	1
広報担当役員	0	マーケティングおよびコミュニケーションコーディネーター	1
広報担当役員	0	広報とコミュニケーション_コンサルタント	1
広報担当役員	0	広報の責任者	1
広報担当役員	0	広報	1
広報担当役員	0	広報責任者	1
広報担当役員	0	広報担当者	1
広報担当役員	0	コミュニケーション部門_アシスタントディレクター	1
広報担当役員	0	メディアおよびコミュニケーション_マネージャー	1
広報担当役員	0	戦略的コミュニケーション	1
広報担当役員	0	グローバル_コミュニケーションマネージャー	1
広報担当役員	0	コーポレート_コミュニケーションのアシスタントマネージャー	1
広報担当役員	0	アカウント_エグゼクティブ	1
広報担当役員	0	コミュニケーション_コーディネーター	1
広報担当役員	0	グローバル広報マネージャー	1
広報担当役員	0	外部コミュニケーションマネージャー	1
広報担当役員	0	マーケティングおよびコミュニケーション最高責任者	1
広報担当役員	0	コーポレート_コミュニケーション_コーディネーター	1
広報担当役員	0	コミュニケーション_コンサルタント	1
広報担当役員	0	コミュニケーション_スペシャリスト	1
広報担当役員	0	メディア_リレーションズ_アソシエイト	1
広報担当役員	0	国際広報マネージャー	1
広報担当役員	0	マーケティングと広報コンサルタント	1
広報担当役員	0	広報のディレクター	1
広報担当役員	0	プレスと広報マネージャー	1
広報担当役員	0	ソーシャルメディア_ストラテジスト	1
広報担当役員	0	広報アカウント_エグゼクティブ	1
広報担当役員	0	コーポレート_コミュニケーション担当者	1
広報担当役員	0	マーケティングおよびコミュニケーション役員	1
広報担当役員	0	コミュニケーションマネージャー	1
広報担当役員	0	メディアリレーションズ_ディレクター	1
弁護士	0	司法長官補佐	1
弁護士	0	訴訟パートナー	1
弁護士	0	不動産弁護士	1
弁護士	0	税理士	1
弁護士	0	副地方検事	1
弁護士	0	郡検事補	1
弁護士	0	スタッフ弁護士	1
弁護士	0	地方判事	1
弁護士	0	株主	1
弁護士	0	主任弁護士	1
弁護士	0	事務弁護士	1
弁護士	0	メディエーター	1
弁護士	0	外国人アソシエイト	1
弁護士	0	グループ顧問弁護士	1
弁護士	0	国際弁護士	1
弁護士	0	商法弁護士	1
弁護士	0	企業弁護士	1
弁護士	0	法務部アシスタントマネージャー	1
弁護士	0	企業法務顧問	1
弁護士	0	法務部の責任者	1
弁護士	0	管理弁護士	1
弁護士	0	知的財産のスペシャリスト	1
弁護士	0	仲裁人	1
弁護士	0	行政法判事	1
弁護士	0	国選副弁護人	1
弁護士	0	法人弁護士	1
弁護士	0	裁判官	1
弁護士	0	司法補佐官	1
弁護士	0	国選弁護人補佐	1
弁護士	0	弁護士補佐	1
弁護士	0	アシスタント_ゼネラルマネージャー	1
弁護士	0	法務部長	1
弁護士	0	知的財産弁護士	1
弁護士	0	法務アソシエイト	1
弁護士	0	法律専門家	1
弁護士	0	弁護士の秘書	1
弁護士	0	弁護士	1
弁護士	0	法務責任者と会社秘書	1
弁護士	0	規制顧問	1
弁護士	0	法務幹部	1
弁護士	0	事件担当者	1
弁護士	0	特別顧問	1
弁護士	0	地域弁護士	1
弁護士	0	副法務顧問	1
弁護士	0	顧問	1
弁護士	0	法務およびコンプライアンス責任者	1
弁護士	0	裁判弁護士	1
弁護士	0	訴訟弁護士	1
弁護士	0	法務顧問補佐	1
弁護士	0	企業法務アシスタント	1
弁護士	0	社外弁護士	1
弁護士	0	法務官	1
弁護士	0	法務責任者	1
弁護士	0	企業顧問	1
弁護士	0	税務弁護士	1
弁護士	0	法律顧問	1
弁護士	0	法務部のインターン	1
弁護士	0	法廷弁護士	1
弁護士	0	法律研究者	1
弁護士	0	リーガル_コーディネーター	1
弁護士	0	副司法長官	1
弁護士	0	市副弁護士	1
弁護士	0	刑事弁護人	1
弁護士	0	司法法律事務員	1
弁護士	0	契約弁護士	1
弁護士	0	企業パラリーガル	1
弁護士	0	経営顧問	1
弁護士	0	研究弁護士	1
弁護士	0	スタッフ顧問	1
弁護士	0	法律カウンセラー	1
弁護士	0	地方検事補	1
弁護士	0	企業顧問アシスタント	1
弁護士	0	訴訟マネージャー	1
弁護士	0	主任顧問補佐	1
弁護士	0	外国法コンサルタント	1
弁護士	0	法務秘書	1
心理療法士	0	臨床指導者	1
心理療法士	0	学校のセラピスト	1
心理療法士	0	家族サービスのディレクター	1
心理療法士	0	グループ_ファシリテーター	1
心理療法士	0	精神分析医	1
心理療法士	0	相談心理学者	1
心理療法士	0	アートセラピスト	1
心理療法士	0	個人開業	1
心理療法士	0	理学療法ディレクター	1
心理療法士	0	主任心理学者	1
心理療法士	0	臨床カウンセラー	1
心理療法士	0	個人開業の心理療法士	1
心理療法士	0	アウトリーチ_カウンセラー	1
心理療法士	0	臨床ソーシャルワーカー	1
心理療法士	0	メンタルヘルス_コンサルタント	1
心理療法士	0	セラピスト	1
心理療法士	0	臨床心理士	1
心理療法士	0	公認臨床専門カウンセラー	1
心理療法士	0	認定臨床心理士	1
心理療法士	0	認定結婚家族療法士	1
心理療法士	0	認定の専門カウンセラー	1
心理療法士	0	心理学者	1
心理療法士	0	公認臨床ソーシャルワーカー	1
心理療法士	0	法医学心理学者	1
心理療法士	0	認定メンタルヘルスカウンセラー	1
心理療法士	0	結婚家族セラピスト	1
心理療法士	0	家族カウンセラー	1
心理療法士	0	ソーシャルワーカー	1
心理療法士	0	臨床療法士	1
心理療法士	0	メンタルヘルス_カウンセラー	1
心理療法士	0	公認心理師	1
投資銀行アナリスト	0	評価担当者	1
投資銀行アナリスト	0	MBA候補者	1
投資銀行アナリスト	0	株式調査員	1
投資銀行アナリスト	0	ビジネスアナリスト	1
投資銀行アナリスト	0	企業開発アソシエイト	1
投資銀行アナリスト	0	取引アナリスト	1
投資銀行アナリスト	0	クレジット担当者	1
投資銀行アナリスト	0	現金出納員	1
投資銀行アナリスト	0	クレジットスペシャリスト	1
投資銀行アナリスト	0	企業財務責任者	1
投資銀行アナリスト	0	財務担当者	1
投資銀行アナリスト	0	企業財務アナリスト	1
投資銀行アナリスト	0	企業開発アナリスト	1
投資銀行アナリスト	0	プライベート_エクイティ_インターン	1
投資銀行アナリスト	0	パーソナルバンキング_マネージャー	1
投資銀行アナリスト	0	金融アナリスト	1
投資銀行アナリスト	0	企業財務インターン	1
投資銀行アナリスト	0	銀行審査官	1
投資銀行アナリスト	0	レバレッジ_ファイナンス_アナリスト	1
投資銀行アナリスト	0	ベンチャーキャピタル_アナリスト	1
投資銀行アナリスト	0	プライベート_エクイティ_アソシエイト	1
投資銀行アナリスト	0	クレジットアナリスト	1
投資銀行アナリスト	0	金融サービス担当者	1
投資銀行アナリスト	0	企業クレジットアナリスト	1
投資銀行アナリスト	0	クレジットリサーチ_アナリスト	1
投資銀行アナリスト	0	財務管理プログラムのインターン	1
投資銀行アナリスト	0	投資銀行インターン	1
投資銀行アナリスト	0	投資銀行アソシエイト	1
投資銀行アナリスト	0	ポートフォリオ管理アナリスト	1
投資銀行アナリスト	0	プライベートバンキング_アナリスト	1
投資銀行アナリスト	0	プライベート_エクイティ_アナリスト	1
投資銀行アナリスト	0	コーポレートバンキング_アナリスト	1
投資銀行アナリスト	0	プライベートバンク_アナリスト	1
投資銀行アナリスト	0	資本市場アナリスト	1
投資銀行アナリスト	0	株式調査インターン	1
投資銀行アナリスト	0	評価アナリスト	1
投資銀行アナリスト	0	リスク管理インターン	1
掘削エンジニア	0	掘削監督	1
掘削エンジニア	0	掘削マネージャー	1
掘削エンジニア	0	優先フィールドエンジニア	1
掘削エンジニア	0	井戸エンジニア	1
掘削エンジニア	0	ドリラー	1
掘削エンジニア	0	フィールドサービス_コーディネーター	1
掘削エンジニア	0	掘削コンサルタント	1
掘削エンジニア	0	完成エンジニア	1
掘削エンジニア	0	石油エンジニア	1
掘削エンジニア	0	一般フィールドエンジニア	1
掘削エンジニア	0	フィールドエンジニアリング_マネージャー	1
掘削エンジニア	0	フィールドエンジニア	1
探査地質学者	0	探査の副社長	1
探査地質学者	0	貯水池の地質学者	1
探査地質学者	0	フィールド地質学者	1
探査地質学者	0	地質学者コンサルタント	1
探査地質学者	0	主任地質学者	1
探査地質学者	0	地質エンジニア	1
探査地質学者	0	契約地質学者	1
探査地質学者	0	地質学者	1
探査地質学者	0	鉱山技師	1
探査地質学者	0	研究地質学者	1
探査地質学者	0	地球科学者	1
探査地質学者	0	スタッフ地球物理学者	1
探査地質学者	0	鉱山地質学者	1
探査地質学者	0	環境地質学者	1
放射線技師	0	スタッフ技術者	1
放射線技師	0	画像サービスのディレクター	1
放射線技師	0	画像スーパーバイザー	1
放射線技師	0	超音波技師	1
放射線技師	0	放射線科部長	1
放射線技師	0	放射線科マネージャー	1
放射線技師	0	放射線科スーパーバイザー	1
放射線技師	0	血管技師	1
放射線技師	0	放射線技師	1
放送技術者	0	放送コーディネーター	1
放送技術者	0	放送マネージャー	1
放送技術者	0	テクニカルオペレーター	1
放送技術者	0	テクニカル_プロデューサー	1
放送技術者	0	ビデオエンジニア	1
放送技術者	0	放送技術者	1
放送技術者	0	放送監督	1
放送技術者	0	放送システムエンジニア	1
放送技術者	0	ニュース運営マネージャー	1
放送技術者	0	マスターコントロール_オペレーター	1
放送技術者	0	放送制作ディレクター	1
放送技術者	0	トランスミッション_コントローラー	1
放送技術者	0	動画編集者	1
放送技術者	0	品質管理オペレーター	1
放送技術者	0	放送業務ディレクター	1
政策アドバイザー	0	政策コーディネーター	1
政策アドバイザー	0	公共政策マネージャー	1
政策アドバイザー	0	副長官	1
政策アドバイザー	0	政策責任者	1
政策アドバイザー	0	経済開発担当官	1
政策アドバイザー	0	権利擁護担当者	1
政策アドバイザー	0	政策専門家	1
政策アドバイザー	0	副大臣	1
政策アドバイザー	0	政策アナリスト	1
政策アドバイザー	0	プロジェクトオフィサー	1
政策アドバイザー	0	国家専門家	1
料理人	0	ラインシェフ	1
料理人	0	アシスタントクック	1
料理人	0	副料理長	1
料理人	0	パーソナルシェフ	1
料理人	0	ケータリングのシェフ	1
料理人	0	シェフ	1
料理人	0	調理補助	1
料理人	0	バンケットシェフ	1
料理人	0	仕出し屋	1
料理人	0	キッチン_スーパーバイザー	1
料理人	0	キッチンマネージャー	1
料理人	0	食品の店員	1
料理人	0	料理長	1
料理人	0	料理講師	1
料理人	0	料理マネージャー	1
料理人	0	ダイニングサービスのディレクター	1
料理人	0	バンケット_スーパーバイザー	1
料理人	0	企業のシェフ	1
料理人	0	アシスタント_キッチンマネージャー	1
料理人	0	アシスタント_フードサービス_ディレクター	1
料理人	0	食品サービスディレクター	1
料理人	0	パーティーのシェフ	1
料理人	0	ラインクック	1
映画監督	0	カメラアシスタント	1
映画監督	0	ニューメディア_プロデューサー	1
映画監督	0	アートディレクター	1
映画監督	0	クリエイティブ_プロデューサー	1
映画監督	0	第二アシスタント	1
映画監督	0	映画とビデオの編集者	1
映画監督	0	映像作家	1
映画監督	0	動画編集者	1
映画監督	0	主任クリエイティブ_ディレクター	1
映画監督	0	ドキュメンタリー映画製作者	1
映画監督	0	ファースト_アシスタントディレクター	1
映画監督	0	ロケーションマネージャー	1
映画監督	0	フロアディレクター	1
映画監督	0	アシスタント_ロケーションマネージャー	1
映画監督	0	スクリプター	1
映画監督	0	ロケーション_ハンティング	1
映画監督	0	キャスティングプロデューサー	1
映画監督	0	第二助監督	1
映画監督	0	メディア制作スペシャリスト	1
映画監督	0	映画編集者	1
映画監督	0	撮影監督	1
映画監督	0	ファースト_カメラアシスタント	1
映画監督	0	ラインプロデューサー	1
映画監督	0	製作責任者	1
映画監督	0	映画製作者	1
映画監督	0	プロデューサー	1
映画監督	0	映画プロデューサー	1
映画監督	0	ポストプロダクション_マネージャー	1
映画監督	0	アシスタントプロデューサー	1
映画監督	0	アシスタントエディター	1
映画監督	0	開発プロデューサー	1
映画監督	0	映像制作ディレクター	1
映画監督	0	制作担当	1
映画監督	0	ファースト_アシスタントエディター	1
映画監督	0	エグゼクティブ_アートディレクター	1
映画監督	0	制作秘書	1
映画監督	0	ポストプロダクション_スーパーバイザー	1
映画監督	0	テクニカル_プロデューサー	1
映画監督	0	制作コーディネーター	1
株式トレーダー	0	自己株式トレーダー	1
株式トレーダー	0	株式ディーラー	1
株式トレーダー	0	株式デリバティブ_ブローカー	1
株式トレーダー	0	ヘッドトレーダー	1
株式トレーダー	0	取引アシスタント	1
株式トレーダー	0	デリバティブの専門家	1
株式トレーダー	0	自己トレーダー	1
株式トレーダー	0	オプション取引業者	1
株式トレーダー	0	先物トレーダー	1
株式トレーダー	0	マーケットリスク_マネージャー	1
株式トレーダー	0	マーケットデータアナリスト	1
株式トレーダー	0	株式ストラテジスト	1
株式トレーダー	0	株式販売トレーダー	1
株式トレーダー	0	法人営業副社長	1
株式トレーダー	0	株式調査責任者	1
株式トレーダー	0	販売と取引の責任者	1
株式トレーダー	0	機関投資家向け株式販売担当副社長	1
株式トレーダー	0	法人営業トレーダー	1
株式トレーダー	0	株式売却	1
株式トレーダー	0	先物ブローカー	1
株式トレーダー	0	株式デリバティブ_トレーダー	1
株式トレーダー	0	通貨トレーダー	1
株式トレーダー	0	株式デリバティブの販売	1
株式トレーダー	0	セールス_トレーダー	1
株式トレーダー	0	フロアブローカー	1
株式トレーダー	0	債券トレーダー	1
株式トレーダー	0	トレーディンク_゙ディレクター	1
株式トレーダー	0	取引関係者	1
株式トレーダー	0	トレーダー	1
株式トレーダー	0	デリバティブ_ブローカー	1
株式トレーダー	0	債券スペシャリスト	1
株式トレーダー	0	株式オプション取引業者	1
株式トレーダー	0	デリバティブ_トレーダー	1
機械工学士	0	メカニカル_ドラフター	1
機械工学士	0	機械工学インターン	1
機械工学士	0	主任機械エンジニア	1
機械工学士	0	機械システムエンジニア	1
機械工学士	0	機械工学技術者	1
機械工学士	0	機械工学科の大学院生	1
機械工学士	0	契約機械エンジニア	1
機械工学士	0	設計開発エンジニア	1
機械工学士	0	機械プロジェクトエンジニア	1
機械工学士	0	機械設計マネージャー	1
機械工学士	0	アシスタント_メカニカルエンジニア	1
機械工学士	0	製品設計および開発エンジニア	1
機械工学士	0	設計工学インターン	1
機械工学士	0	主任機械技師	1
機械工学士	0	製造設計エンジニア	1
機械工学士	0	エンジニアリング_デザイナー	1
機械工学士	0	機械設計者	1
機械工学士	0	プロセス機械エンジニア	1
機械工学士	0	パッケージエンジニア	1
機械工学士	0	プロジェクト_エンジニア	1
機械工学士	0	アシスタント設計エンジニア	1
機械工学士	0	機械工学コンサルタント	1
機械工学士	0	機械開発エンジニア	1
機械工学士	0	設計エンジニア	1
機械工学士	0	機械設計エンジニア	1
機械工学士	0	機械専門家	1
歌手	0	プロの歌手	1
歌手	0	ソングライター	1
歌手	0	ゲストアーティスト	1
歌手	0	音楽専門家	1
歌手	0	出演アーティスト	1
歌手	0	音楽講師	1
歌手	0	音楽インターン	1
歌手	0	エンターテイナー	1
歌手	0	レコーディングアーティスト	1
歌手	0	バンドディレクター	1
歌手	0	ボーカリスト	1
歌手	0	伴奏者	1
歌手	0	ミュージシャン	1
歌手	0	バンドメンバー	1
歌手	0	ミュージカルディレクター	1
歌手	0	バンドマネージャー	1
歌手	0	ボーカルコーチ	1
歌手	0	音楽プロデューサー	1
歯医者	0	口腔顎顔面外科医	1
歯医者	0	登録歯科助手	1
歯医者	0	歯科矯正医	1
歯医者	0	歯科看護師	1
歯医者	0	一般歯科医	1
歯医者	0	歯内療法士	1
歯医者	0	主任歯科医師	1
歴史の教授	0	歴史の助教授	1
歴史の教授	0	大学院生講師	1
歴史の教授	0	副学長	1
歴史の教授	0	大学院生アソシエイト	1
歴史の教授	0	社会学の教授	1
歴史の教授	0	大学教授	1
歴史の教授	0	大学講師	1
歴史の教授	0	研究のディレクター	1
歴史の教授	0	教員アドバイザー	1
歴史の教授	0	アソシエイト	1
歴史の教授	0	学部入学のアシスタントディレクター	1
歴史の教授	0	歴史の非常勤教授	1
歴史の教授	0	人類学の教授	1
歴史の教授	0	教授	1
歴史の教授	0	客員助教	1
歴史の教授	0	社会学の教師	1
歴史の教授	0	大学院プログラム_コーディネーター	1
歴史の教授	0	専任教員	1
歴史の教授	0	学部長	1
歴史の教授	0	政治学の教授	1
歴史の教授	0	講師	1
歴史の教授	0	非常勤教授	1
歴史の教授	0	学術専門家	1
歴史の教授	0	非常勤講師	1
歴史の教授	0	名誉教授	1
歴史の教授	0	アカデミックプログラム_コーディネーター	1
歴史の教授	0	司祭	1
歴史の教授	0	助教授	1
歴史の教授	0	客員教授	1
水文地質学者	0	フィールド地質学者	1
水文地質学者	0	プロジェクト地質学者	1
水文地質学者	0	地質技術者	1
水文地質学者	0	主任地質学者	1
水文地質学者	0	水文学者	1
水文地質学者	0	プロジェクト水文地質学者	1
水文地質学者	0	主任水文地質学者	1
消防士	0	消防署長	1
消防士	0	消防中尉	1
消防士	0	副消防長	1
消防士	0	消防署長補佐	1
消防士	0	大隊長	1
消防士	0	消防士	1
消防士	0	消防保安官	1
消防士	0	緊急指令員	1
無線エンジニア	0	電気通信チームリーダー	1
無線エンジニア	0	フィールドオペレーション技術者	1
無線エンジニア	0	電気通信士	1
無線エンジニア	0	無線スペシャリスト	1
無線エンジニア	0	フィールドオペレーション_エンジニア	1
無線エンジニア	0	電気通信アシスタント	1
無線エンジニア	0	電気通信の専門家	1
無線エンジニア	0	ワイヤレス製品マネージャー	1
無線エンジニア	0	ネットワーク_パフォーマンス_エンジニア	1
無線エンジニア	0	無線コンサルタント	1
無線エンジニア	0	システムパフォーマンス_エンジニア	1
無線エンジニア	0	ネットワーク統合エンジニア	1
無線エンジニア	0	BSCエンジニア	1
無線エンジニア	0	電気通信プロジェクトエンジニア	1
無線エンジニア	0	電気通信技術者	1
無線エンジニア	0	コア_ネットワークエンジニア	1
無線エンジニア	0	コアエンジニア	1
無線エンジニア	0	ロールアウト_エンジニア	1
無線エンジニア	0	スイッチエンジニア	1
無線エンジニア	0	無線技師	1
無線エンジニア	0	電気通信コーディネーター	1
無線エンジニア	0	業務支援システムエンジニア	1
無線エンジニア	0	ネットワーク計画エンジニア	1
無線エンジニア	0	実施責任者	1
無線エンジニア	0	クラスターリーダー	1
物流スペシャリスト	0	国際物流マネージャー	1
物流スペシャリスト	0	ロジスティクス_エグゼクティブ	1
物流スペシャリスト	0	物流マネージャー	1
物流スペシャリスト	0	物流アソシエイト	1
物流スペシャリスト	0	物流チームのリーダー	1
物流スペシャリスト	0	国際物流コーディネーター	1
物流スペシャリスト	0	物流センター長	1
物流スペシャリスト	0	物流	1
物流スペシャリスト	0	物流スーパーバイザー	1
物流スペシャリスト	0	物流の専門家	1
物流スペシャリスト	0	物流コーディネーター	1
物流スペシャリスト	0	物流アシスタント	1
物流スペシャリスト	0	全国物流マネージャー	1
物流スペシャリスト	0	運営および物流マネージャー	1
物流スペシャリスト	0	物流業者	1
物流スペシャリスト	0	倉庫および物流マネージャー	1
物流スペシャリスト	0	在庫マネージャー	1
物流スペシャリスト	0	物流プランナー	1
物流スペシャリスト	0	物流部門マネージャー	1
物流スペシャリスト	0	倉庫オペレーション_マネージャー	1
物流スペシャリスト	0	物流アナリスト	1
物流スペシャリスト	0	倉庫および流通マネージャー	1
物流スペシャリスト	0	グループ_ロジスティクス_マネージャー	1
物流スペシャリスト	0	倉庫スペシャリスト	1
物流スペシャリスト	0	倉庫チームリーダー	1
物流スペシャリスト	0	物流責任者	1
物流スペシャリスト	0	物流コンサルタント	1
物流スペシャリスト	0	物流ディレクター	1
物流スペシャリスト	0	物流コントローラー	1
物流スペシャリスト	0	物流エンジニア	1
物流スペシャリスト	0	グローバル物流マネージャー	1
物流スペシャリスト	0	地域物流マネージャー	1
物流スペシャリスト	0	倉庫オペレーター	1
物流スペシャリスト	0	サプライチェーン担当者	1
物流スペシャリスト	0	企業物流マネージャー	1
物流スペシャリスト	0	物流部の責任者	1
犬のトリマー	0	ドッグウォーカー	1
犬のトリマー	0	ペットシッター	1
犬のトリマー	0	犬舎アシスタント	1
犬のトリマー	0	グルーマー	1
獣医	0	登録獣医師	1
獣医	0	獣医アシスタント	1
獣医	0	獣医師	1
獣医	0	獣医外科医	1
環境アーティスト	0	アーティスト	1
環境アーティスト	0	テクニカルアーティスト	1
環境アーティスト	0	テクニカル_アートディレクター	1
環境アーティスト	0	キャラクターアーティスト	1
環境アーティスト	0	3dモデラー	1
環境アーティスト	0	ゲームデザイナー	1
環境アーティスト	0	キャラクター_モデラー	1
環境アーティスト	0	ゲームアーティスト	1
環境アーティスト	0	3dアーティスト	1
環境アーティスト	0	3d環境アーティスト	1
環境アーティスト	0	モデラー	1
環境アーティスト	0	テクスチャアーティスト	1
生物医学エンジニア	0	設備保全技術者	1
用務員	0	フロントカウンター_アソシエイト	1
用務員	0	用務員責任者	1
用務員	0	床技師	1
用務員	0	清掃員	1
登録看護師	0	トラベルナース	1
登録看護師	0	認定准看護師	1
登録看護師	0	ハウススーパーバイザー	1
登録看護師	0	医療助手	1
登録看護師	0	スタッフ看護師	1
登録看護師	0	臨床リエゾン	1
登録看護師	0	臨床インストラクター	1
登録看護師	0	看護師	1
登録看護師	0	看護インストラクター	1
登録看護師	0	ナース_プラクティショナー	1
登録看護師	0	看護師リエゾン	1
登録看護師	0	医師助手	1
登録看護師	0	成人看護師	1
登録看護師	0	小児科の看護師	1
登録看護師	0	看護部長補佐	1
登録看護師	0	集中治療看護師	1
登録看護師	0	在宅看護師	1
登録看護師	0	高度実践看護師	1
登録看護師	0	産業保健師	1
登録看護師	0	地域の看護師	1
登録看護師	0	保健師	1
登録看護師	0	学校の看護師	1
私立探偵	0	特別捜査官	1
私立探偵	0	身元調査員	1
私立探偵	0	犯罪捜査官	1
私立探偵	0	捜査官	1
私立探偵	0	企業調査員	1
私立探偵	0	主任捜査官	1
私立探偵	0	捜査部長	1
私立探偵	0	地方捜査官	1
私立探偵	0	調査スペシャリスト	1
私立探偵	0	警部	1
私立探偵	0	監督特別代理人	1
私立探偵	0	郵便検査官	1
私立探偵	0	刑事	1
私立探偵	0	現場調査員	1
税理士	0	内部収入エージェント	1
税理士	0	アシスタント管理会計士	1
税理士	0	税務コンサルタント	1
税理士	0	税務管理者	1
税理士	0	税務課の責任者	1
税理士	0	税理士	1
税理士	0	会計講師	1
税理士	0	スタッフ会計士	1
税理士	0	スタッフ税理士	1
税理士	0	法人税コンサルタント	1
税理士	0	臨時会計士	1
税理士	0	プロの会計士	1
税理士	0	中級会計士	1
税理士	0	法人税マネージャー	1
税理士	0	州および地方の税務マネージャー	1
税理士	0	連邦税マネージャー	1
税理士	0	クライアント会計士	1
税理士	0	総勘定元帳のスーパーバイザー	1
税理士	0	会計スタッフ	1
税理士	0	税務アナリスト	1
税理士	0	税務担当者	1
税理士	0	会計担当者	1
税理士	0	簿記係	1
税理士	0	税務監督者	1
税理士	0	税務調査官	1
税理士	0	給与計算税理士	1
税理士	0	マスター税務アドバイザー	1
税理士	0	税務マネージャー	1
税理士	0	固定資産税マネージャー	1
税理士	0	主任会計士	1
税理士	0	税務専門家	1
税理士	0	税務コンプライアンス_マネージャー	1
税理士	0	税務署長	1
税理士	0	監査員	1
税理士	0	会計士	1
税理士	0	監査人	1
税理士	0	収益エージェント	1
経営戦略コンサルタント	0	戦略ビジネスコンサルタント	1
経営戦略コンサルタント	0	戦略副社長	1
経営戦略コンサルタント	0	事業運営副社長	1
経営戦略コンサルタント	0	戦略開発ディレクター	1
経営戦略コンサルタント	0	事業開発リーダー	1
経営戦略コンサルタント	0	戦略的取り組みの副社長	1
経営戦略コンサルタント	0	事業開発コンサルタント	1
経営戦略コンサルタント	0	戦略コンサルタント	1
経営戦略コンサルタント	0	事業開発の副社長	1
経営戦略コンサルタント	0	戦略と運営ディレクター	1
経営戦略コンサルタント	0	戦略開発責任者	1
経営戦略コンサルタント	0	事業開発ディレクター	1
経営戦略コンサルタント	0	国際事業開発コンサルタント	1
経営戦略コンサルタント	0	副社長	1
経営戦略コンサルタント	0	事業開発マネージャー	1
経営戦略コンサルタント	0	戦略と運営マネージャー	1
経営戦略コンサルタント	0	最高事業開発責任者	1
経営戦略コンサルタント	0	ビジネス経営コンサルタント	1
経営戦略コンサルタント	0	戦略計画のマネージャー	1
経営戦略コンサルタント	0	事業開発の副部長	1
経営戦略コンサルタント	0	事業開発責任者	1
経営戦略コンサルタント	0	経営コンサルタント	1
経営戦略コンサルタント	0	事業開発スペシャリスト	1
経営戦略コンサルタント	0	戦略企画マネージャー	1
経営戦略コンサルタント	0	ビジネスコンサルタント	1
経営戦略コンサルタント	0	グローバル事業開発マネージャー	1
経営戦略コンサルタント	0	事業開発のエグゼクティブバイスプレジデント	1
経営戦略コンサルタント	0	事業運営ディレクター	1
経営戦略コンサルタント	0	最高執行責任者	1
経営戦略コンサルタント	0	ビジネス開発者	1
経営戦略コンサルタント	0	監督	1
経営戦略コンサルタント	0	ゼネラルマネージャー	1
経営戦略コンサルタント	0	顧問委員会のメンバー	1
経営戦略コンサルタント	0	製品ストラテジスト	1
経営戦略コンサルタント	0	起業家	1
経営戦略コンサルタント	0	ビジネスエキスパート	1
経営戦略コンサルタント	0	コンサルティンク_゙マネージャー	1
経営戦略コンサルタント	0	最高経営責任者	1
経営戦略コンサルタント	0	取締役社長	1
翻訳者	0	言語コンサルタント	1
翻訳者	0	スペイン語翻訳者	1
翻訳者	0	技術翻訳者	1
翻訳者	0	翻訳コーディネーター	1
翻訳者	0	ローカリゼーション_プログラム_マネージャー	1
翻訳者	0	言語学者	1
翻訳者	0	ロシア語学者	1
翻訳者	0	英語の翻訳者	1
翻訳者	0	TOEFL講師	1
翻訳者	0	日本語の翻訳者	1
翻訳者	0	社内通訳	1
翻訳者	0	イタリア語教師	1
翻訳者	0	スペイン語の家庭教師	1
翻訳者	0	英語教師	1
翻訳者	0	ローカリゼーション_スペシャリスト	1
自動化エンジニア	0	自動化技術者	1
自動化エンジニア	0	テストエンジニア	1
自動化エンジニア	0	自動化システムエンジニア	1
自動化エンジニア	0	自動化チームのリーダー	1
自動化エンジニア	0	制御システムエンジニア	1
自動化エンジニア	0	テクニカルテスト_リーダー	1
自動化エンジニア	0	テスト自動化スペシャリスト	1
自動化エンジニア	0	試験中のソフトウェア開発エンジニア	1
自動化エンジニア	0	プロセス_オートメーション_エンジニア	1
自動化エンジニア	0	アプリケーション_テスター	1
自動化エンジニア	0	オートメーション_スペシャリスト	1
自動化エンジニア	0	制御システム設計者	1
自動化エンジニア	0	自動化開発者	1
自動化エンジニア	0	制御システム_スペシャリスト	1
自動化エンジニア	0	テスト自動化コンサルタント	1
自動化エンジニア	0	自動化テスト_アナリスト	1
自動化エンジニア	0	プロセス制御エンジニア	1
自動化エンジニア	0	自動化コーディネーター	1
自動化エンジニア	0	自動化コンサルタント	1
自動化エンジニア	0	品質保証オートメーション_エンジニア	1
自動車エンジニア	0	研究開発エンジニア	1
自動車エンジニア	0	校正技術者	1
自動車エンジニア	0	診断エンジニア	1
自動車エンジニア	0	設計開発エンジニア	1
自動車エンジニア	0	設計リリースエンジニア	1
自動車エンジニア	0	パワートレイン_エンジニア	1
航空宇宙技術者	0	推進エンジニア	1
航空宇宙技術者	0	飛行試験エンジニア	1
航空宇宙技術者	0	エアロダイナミクス_エンジニア	1
航空宇宙技術者	0	航空エンジニア	1
航空宇宙技術者	0	認定エンジニア	1
航空宇宙技術者	0	修理技術者	1
航空宇宙技術者	0	宇宙船技師	1
航空機パイロット	0	航空会社の機長	1
航空機パイロット	0	契約パイロット	1
航空機パイロット	0	コマーシャルパイロット	1
航空機パイロット	0	ラインパイロット	1
航空機パイロット	0	基地マネージャー	1
航空機パイロット	0	副操縦士	1
航空機パイロット	0	チーフパイロット	1
航空機パイロット	0	チーフ_フライトインストラクター	1
航空機パイロット	0	運航管理責任者	1
航空機パイロット	0	飛行士	1
航空機パイロット	0	企業パイロット	1
航空機パイロット	0	運航管理者	1
航空機パイロット	0	アシスタントチーフパイロット	1
航空機パイロット	0	飛行教官	1
船員	0	ポートエンジニア	1
船員	0	ファーストエンジニア	1
船員	0	海洋業務マネージャー	1
船員	0	海兵隊員	1
船員	0	技術監督	1
船員	0	海事士官	1
船員	0	二等航海士	1
船員	0	マスター船乗り	1
船員	0	セカンドオフィサー	1
船員	0	監視官	1
船員	0	海洋コンサルタント	1
船員	0	海事監督官	1
薬剤師	0	認定薬剤師	1
薬剤師	0	薬局運営マネージャー	1
薬剤師	0	薬局のアシスタントディレクター	1
薬剤師	0	薬事薬剤師	1
薬剤師	0	臨床薬局マネージャー	1
薬剤師	0	臨床薬学スペシャリスト	1
薬剤師	0	製造薬剤師	1
薬剤師	0	臨床スタッフ薬剤師	1
薬剤師	0	臨床薬剤師	1
薬剤師	0	薬局研修医	1
薬剤師	0	薬局の管理者	1
薬剤師	0	薬局レジデント	1
融資担当者	0	住宅ローン金融業者	1
融資担当者	0	ローン担当者	1
融資担当者	0	住宅ローンスペシャリスト	1
融資担当者	0	モーゲージバンカー	1
融資担当者	0	住宅ローン営業マネージャー	1
融資担当者	0	不動産融資担当者	1
融資担当者	0	認定モーゲージプランナー	1
融資担当者	0	住宅ローン担当副社長	1
融資担当者	0	最高融資責任者	1
融資担当者	0	ローンコーディネーター	1
融資担当者	0	副マーケティングマネージャー	1
融資担当者	0	住宅ローンエージェント	1
融資担当者	0	モーゲージ_ブローカー	1
融資担当者	0	住宅ローンコンサルタント	1
融資担当者	0	住宅ローン引受人	1
融資担当者	0	住宅ローン融資担当副社長	1
融資担当者	0	消費者ローン_アンダーライター	1
融資担当者	0	ローンプロセッサー	1
融資担当者	0	公認住宅ローン_ブローカー	1
融資担当者	0	プライベート住宅ローン銀行家	1
融資担当者	0	支店長	1
融資担当者	0	ローンクローザー	1
融資担当者	0	融資担当ディレクター	1
融資担当者	0	金融ブローカー	1
融資担当者	0	住宅ローンのオリジネーター	1
融資担当者	0	住宅ローン担当者	1
融資担当者	0	クロージング_スーパーバイザー	1
融資担当者	0	クロージング_スペシャリスト	1
融資担当者	0	住宅ローン_コーディネーター	1
融資担当者	0	営業部長	1
融資担当者	0	ポストクローザー	1
融資担当者	0	認定住宅ローン計画スペシャリスト	1
融資担当者	0	ローンスペシャリスト	1
貿易マーケティングアナリスト	0	コマーシャル_スーパーバイザー	1
貿易マーケティングアナリスト	0	貿易専門家	1
貿易マーケティングアナリスト	0	マーケットインテリジェンス_アナリスト	1
貿易マーケティングアナリスト	0	広告エージェント	1
貿易マーケティングアナリスト	0	コマーシャルアナリスト	1
貿易マーケティングアナリスト	0	戦略計画アナリスト	1
貿易マーケティングアナリスト	0	新規事業スペシャリスト	1
貿易マーケティングアナリスト	0	貿易マーケティング_アシスタント	1
貿易マーケティングアナリスト	0	トレードマーケティング_スーパーバイザー	1
貿易マーケティングアナリスト	0	貿易マーケティングコーディネーター	1
貿易マーケティングアナリスト	0	コマーシャル_コーディネーター	1
貿易マーケティングアナリスト	0	マーケティング_アナリスト	1
資金調達役	0	個人寄付マネージャー	1
資金調達役	0	計画的寄付のディレクター	1
資金調達役	0	ドナー関係オフィサー	1
資金調達役	0	ドナーリレーション_マネージャー	1
資金調達役	0	事業開発責任者	1
資金調達役	0	助成金マネージャー	1
資金調達役	0	パートナーシップ_コーディネーター	1
資金調達役	0	年次基金のアシスタントディレクター	1
資金調達役	0	事業開発アソシエイト	1
資金調達役	0	財団マネージャー	1
資金調達役	0	資金調達マネージャー	1
資金調達役	0	サポーター	1
資金調達役	0	資金調達コーディネーター	1
資金調達役	0	年次ファンドマネージャー	1
資金調達役	0	資金調達担当者	1
資金調達役	0	メジャーギフト_マネージャー	1
資金調達役	0	資金調達コンサルタント	1
資金調達役	0	ファンド開発部長	1
資金調達役	0	年次寄付マネージャー	1
資金調達役	0	開発および広報担当ディレクター	1
資金調達役	0	資金調達ディレクター	1
資金調達役	0	メンバーシップサービス_ディレクター	1
資金調達役	0	特別イベントディレクター	1
資金調達役	0	企業パートナーシップのディレクター	1
資金調達役	0	企業および財団関係のディレクター	1
資金調達役	0	ドナー関係コーディネーター	1
資金調達役	0	資金調達の責任者	1
資金調達役	0	資金開発コーディネーター	1
輸出入スペシャリスト	0	輸入マネージャー	1
輸出入スペシャリスト	0	輸出営業担当者	1
輸出入スペシャリスト	0	輸出専門家	1
輸出入スペシャリスト	0	輸入エグゼクティブ	1
輸出入スペシャリスト	0	輸出マネージャー	1
輸出入スペシャリスト	0	輸出エリアマネージャー	1
輸出入スペシャリスト	0	輸出販売役員	1
輸出入スペシャリスト	0	国際貿易の専門家	1
輸出入スペシャリスト	0	輸出担当官	1
輸出入スペシャリスト	0	輸入コーディネーター	1
輸出入スペシャリスト	0	地域輸出マネージャー	1
輸出入スペシャリスト	0	物流エージェント	1
輸出入スペシャリスト	0	輸出入アナリスト	1
輸出入スペシャリスト	0	輸入担当者	1
輸出入スペシャリスト	0	輸出入マネージャー	1
輸出入スペシャリスト	0	輸入部門	1
輸出入スペシャリスト	0	輸出入役員	1
輸出入スペシャリスト	0	輸入スペシャリスト	1
輸出入スペシャリスト	0	輸出入アシスタント	1
輸出入スペシャリスト	0	輸入アナリスト	1
輸出入スペシャリスト	0	輸出入コーディネーター	1
農学者	0	農業エンジニア	1
農学者	0	ブリーダー	1
郵便配達員	0	地方の運送業者	1
郵便配達員	0	地方の運送業者アソシエイト	1
郵便配達員	0	郵便処理係	1
郵便配達員	0	郵便局長	1
郵便配達員	0	市内郵便配達員	1
配管工	0	マスター配管工	1
配管工	0	主任	1
配管工	0	プロジェクト監督	1
配管工	0	建設現場監督	1
銀行員	0	クレジットオフィサー	1
銀行員	0	ユニバーサル_バンカー	1
銀行員	0	パーソナルバンキング代表者	1
銀行員	0	銀行員	1
銀行員	0	クレジット_スーパーバイザー	1
銀行員	0	アシスタント_リレーションシップ_マネージャー	1
銀行員	0	支店運営責任者	1
銀行員	0	プライベートバンキング_アシスタント	1
銀行員	0	アシスタント_バンクマネージャー	1
銀行員	0	パーソナルバンキング_アドバイザー	1
銀行員	0	プライベートバンキング_マネージャー	1
銀行員	0	パーソナルバンキング_マネージャー	1
銀行員	0	ストラクチャード_ファイナンス_ディレクター	1
銀行員	0	副社長	1
銀行員	0	コーポレートバンキングのディレクター	1
銀行員	0	プロジェクトファイナンス責任者	1
銀行員	0	企業財務責任者	1
銀行員	0	コマーシャルバンキング関係マネージャー	1
銀行員	0	プライベートバンキング_オフィサー	1
銀行員	0	クレジットスペシャリスト	1
銀行員	0	エリアコレクション_マネージャー	1
銀行員	0	投資銀行アナリスト	1
銀行員	0	住宅ローンスペシャリスト	1
銀行員	0	リレーションシップ_オフィサー	1
銀行員	0	リレーションシップ_バンカー	1
銀行員	0	ビジネスバンキンク専門家	1
銀行員	0	副社長補佐	1
銀行員	0	ローンスペシャリスト	1
銀行員	0	リレーションシップ_マネージャー	1
銀行員	0	プライベートバンキング_リレーションシップ_マネージャー	1
銀行員	0	顧客関係マネージャー	1
銀行員	0	プライベート_クライアント_マネージャー	1
銀行員	0	投資銀行アソシエイト	1
銀行員	0	銀行のマネージャー	1
銀行員	0	信用管理責任者	1
銀行員	0	最高信用責任者	1
銀行員	0	アセット_ライアビリティ_マネージャー	1
銀行員	0	財務担当者	1
銀行員	0	金融機関の責任者	1
銀行員	0	プライベートバンキング責任者	1
銀行員	0	アシスタント_プライベートバンカー	1
銀行員	0	リテール_マーケットマネージャー	1
銀行員	0	外国為替マネージャー	1
銀行員	0	事業開発の副社長補佐	1
銀行員	0	最高リスク責任者	1
銀行員	0	コーポレートバンキング責任者	1
銀行員	0	ストラクチャード_ファイナンスの責任者	1
銀行員	0	優先バンカー	1
銀行員	0	リレーションシップ_エグゼクティブ	1
銀行員	0	商業ローンアシスタント	1
鍼灸師	0	認定鍼灸師	1
鍼灸師	0	ハーバリスト	1
電気技術者	0	電子デザイナー	1
電気技術者	0	電子システムエンジニア	1
電気技術者	0	電子設計エンジニア	1
電気技術者	0	電気および電子技術者	1
電気技術者	0	電気試験技師	1
電気技術者	0	イノベーションエンジニア	1
電気技術者	0	機械設計エンジニア	1
電気技術者	0	ハードウェア_デザイナー	1
電気技術者	0	プリント基板設計者	1
電気技術者	0	主任電気技師	1
電気技術者	0	ハードウェア_システム_エンジニア	1
電気技術者	0	ハードウェア_チームリーダー	1
電気技術者	0	ハードウェアスペシャリスト	1
電気技術者	0	ソフトウェア開発エンジニア	1
電気技術者	0	ハードウェア開発者	1
電気技術者	0	電子専門家	1
電気技術者	0	機械工学インターン	1
電気技術者	0	電気技師スタッフ	1
電気技術者	0	電子開発エンジニア	1
電気技術者	0	ハードウェア開発エンジニア	1
電気技術者	0	製品設計および開発エンジニア	1
電気技術者	0	スタッフ_ハードウェアエンジニア	1
電気技術者	0	機械開発エンジニア	1
電気技術者	0	設計開発エンジニア	1
電気技術者	0	研究開発エンジニア	1
電気技術者	0	ハードウェア設計エンジニア	1
電気技術者	0	テスト設計エンジニア	1
電気技術者	0	組み込みソフトウェア_チームリーダー	1
電気技術者	0	ハードウェア開発ディレクター	1
電気技術者	0	ハードウェアエンジニア	1
電気技術者	0	システム設計エンジニア	1
電気技術者	0	電気工学ディレクター	1
電気技術者	0	組込みシステムエンジニア	1
電気通信技術者	0	ネットワークエンジニア	1
電気通信技術者	0	電気通信スペシャリスト	1
電気通信技術者	0	電気通信コンサルタント	1
電気通信技術者	0	電気通信の専門家	1
電気通信技術者	0	ネットワーク_オペレーションセンターのオペレーター	1
電気通信技術者	0	電気通信技術者	1
電気通信技術者	0	電気通信チームリーダー	1
電気通信技術者	0	電気通信の監督	1
電気通信技術者	0	ボイスエンジニア	1
電気通信技術者	0	電話エンジニア	1
電気通信技術者	0	コア_ネットワークエンジニア	1
電気通信技術者	0	ネットワーク統合エンジニア	1
電気通信技術者	0	電気通信プロジェクトエンジニア	1
電気通信技術者	0	電気通信システム_エンジニア	1
電気通信技術者	0	電気通信士	1
電気通信技術者	0	実施責任者	1
電気通信技術者	0	ラジオ企画エンジニア	1
電気通信技術者	0	トランスミッション_エンジニア	1
電気通信技術者	0	電気通信の責任者	1
電気通信技術者	0	無線スペシャリスト	1
電気通信技術者	0	ネットワーク_デザインマネージャー	1
電気通信技術者	0	電気通信アシスタント	1
電気通信技術者	0	無線エンジニア	1
電気通信技術者	0	スイッチエンジニア	1
電気通信技術者	0	電気通信コーディネーター	1
電気通信技術者	0	ロールアウト_エンジニア	1
電気通信技術者	0	コアエンジニア	1
電気通信技術者	0	コミュニケーション技術者	1
食品技術者	0	研究開発技術者	1
食品技術者	0	プロセス技術者	1
食品技術者	0	品質保証技術者	1
食品技術者	0	応用技術者	1
食品技術者	0	開発エンジニア	1
食品技術者	0	食品科学者	1
食品技術者	0	フレーバリスト	1
食品技術者	0	フードエンジニア	1
食品技術者	0	食品安全マネージャー	1
麻酔科医	0	麻酔科研修医	1
麻酔科医	0	集中治療医	1
麻酔科医	0	スタッフ麻酔科医	1
麻酔科医	0	麻酔技師	1
麻酔科医	0	レジデント	1
麻酔科医	0	循環器の研修医	1
麻酔科医	0	内科レジデント	1
麻酔科医	0	医学部の助教授	1
