3d动画师	0	动画美术师	1
3d动画师	0	游戏美术师	1
3d动画师	0	计算机动画师	1
3d动画师	0	助理动画师	1
3d动画师	0	动画导演	1
3d动画师	0	角色动画师	1
3d动画师	0	动画实习生	1
3d动画师	0	视觉发展艺术家	1
3d动画师	0	3d角色动画师	1
3d动画师	0	动画讲师	1
3d动画师	0	动画师	1
3d动画师	0	3d综合美术师	1
3d动画师	0	技术动画师	1
3d动画师	0	动画负责人	1
3d动画师	0	角色设计师	1
3d动画师	0	角色控制师	1
3d动画师	0	角色技术总监	1
3d动画师	0	动画主管	1
3d动画师	0	flash动画师	1
ios开发人员	0	移动工程师	1
ios开发人员	0	安卓开发人员	1
ios开发人员	0	ios应用程序开发人员	1
ios开发人员	0	移动应用程序开发人员	1
java开发人员	0	模块负责人	1
java开发人员	0	技术人员成员	1
java开发人员	0	网站开发经理	1
java开发人员	0	技术分析师	1
java开发人员	0	技术	1
java开发人员	0	技术负责人	1
java开发人员	0	程序分析师	1
java开发人员	0	技术架构师	1
java开发人员	0	软件分析师	1
java开发人员	0	软件专员	1
java开发人员	0	软件开发分析师	1
java开发人员	0	j2ee开发人员	1
java开发人员	0	java_/_j2ee开发人员	1
java开发人员	0	java应用程序开发人员	1
java开发人员	0	java网络开发人员	1
java开发人员	0	java软件工程师	1
java开发人员	0	软件工程师团队负责人	1
java开发人员	0	应用程序开发员	1
java开发人员	0	java架构师	1
java开发人员	0	java顾问	1
java开发人员	0	java技术负责人	1
java开发人员	0	java团队负责人	1
java开发人员	0	开发员	1
java开发人员	0	合同制java开发人员	1
java开发人员	0	解决方案开发人员	1
人才引进	0	研究生招生经理	1
人才引进	0	人才经理	1
人才引进	0	招聘与选拔经理	1
人才引进	0	人才引进负责人	1
人才引进	0	国际招聘人员	1
人才引进	0	区域招聘经理	1
人才引进	0	人才引进总监	1
人才引进	0	招聘专员	1
人才引进	0	人力资源招聘专员	1
人才引进	0	招聘与培训经理	1
人才引进	0	招聘部主管	1
人才引进	0	人才引进主管	1
人才引进	0	长期招聘顾问	1
人才引进	0	招聘经理	1
人才引进	0	人才引进专员	1
人才引进	0	招聘项目经理	1
人才引进	0	人才管理部主管	1
人才引进	0	全国招聘人员	1
人才引进	0	招聘主管	1
人才引进	0	人才引进经理	1
人才引进	0	人才引进副总裁	1
人才引进	0	招聘人	1
人才引进	0	人才管理顾问	1
人才引进	0	薪酬与福利协调员	1
人才引进	0	资源配置专员	1
人才引进	0	人力资源顾问	1
人才引进	0	人力资源招聘协调员	1
人才引进	0	人力资源分析师	1
人才引进	0	资源配置主管	1
人才引进	0	猎头顾问	1
人才引进	0	全球人力资源副总裁	1
人才引进	0	猎头总监	1
人才引进	0	人力资源主管	1
人才引进	0	人力资源助理	1
人才引进	0	人力资源综合人员	1
人才引进	0	人才引进顾问	1
人才引进	0	人力资源协调员	1
人才引进	0	全国人力资源经理	1
人才引进	0	招聘分析师	1
人才引进	0	招聘部助理经理	1
人才引进	0	人才管理专员	1
人才引进	0	人才总监	1
人才引进	0	招聘助理	1
人才引进	0	人事总监	1
人才引进	0	集团人力资源经理	1
人才引进	0	人员配置管理员	1
人才引进	0	人力资源业务伙伴	1
人才引进	0	资源配置经理	1
人才引进	0	人力资源经理	1
体育教练	0	足球教练	1
体育教练	0	绩效导师	1
体育教练	0	首席讲师	1
体育教练	0	体育实习生	1
体育教练	0	专业运动员	1
体育教练	0	助理力量与体能教练	1
体育教练	0	力量与体能教练	1
体育教练	0	网球教练	1
体育教练	0	助理足球教练	1
体育教练	0	体育教练	1
体育教练	0	足球主教练	1
体育教练	0	游泳教练	1
体育教练	0	体育协调员	1
体育教练	0	主教练	1
体育教练	0	体育总监	1
体育教练	0	体育经理	1
体育教练	0	体育教师	1
作曲家	0	歌曲作家	1
作曲家	0	乐队成员	1
作曲家	0	电影作曲家	1
作曲家	0	音乐制作人	1
作曲家	0	音乐家	1
作曲家	0	录音工程师	1
作曲家	0	音乐创作人	1
作曲家	0	音频制作人	1
作曲家	0	音乐专业人员	1
作曲家	0	音乐顾问	1
作曲家	0	专业音乐家	1
保姆	0	日托机构教师	1
保姆	0	大学项目实习生	1
保姆	0	日间训练营辅导员	1
保姆	0	顾问	1
保姆	0	实习	1
保姆	0	儿童保育员	1
保姆	0	招生实习生	1
保姆	0	教师助理	1
保姆	0	临时保姆	1
保姆	0	助理学前班教师	1
保姆	0	夏令营辅导员	1
保姆	0	课堂助理	1
保姆	0	军团成员	1
保姆	0	学生志愿者	1
保姆	0	儿童保育助理	1
保姆	0	学生安置协调员	1
保管员	0	门卫	1
保管员	0	楼层技术员	1
保管员	0	保管员主任	1
保管员	0	前台助理	1
保险经纪人	0	财务代表	1
保险经纪人	0	客户宣传员	1
保险经纪人	0	保险客户代表	1
保险经纪人	0	机构负责人	1
保险经纪人	0	机构代表	1
保险经纪人	0	持证销售代理	1
保险经纪人	0	机构实地专员	1
保险经纪人	0	经纪人	1
保险经纪人	0	保险顾问	1
保险经纪人	0	保险主管	1
保险经纪人	0	经纪人销售助理	1
保险经纪人	0	联营经纪人	1
保险经纪人	0	商业保险代理	1
保险经纪人	0	核保顾问	1
保险经纪人	0	持证房地产经纪人	1
保险经纪人	0	保险部主管	1
保险经纪人	0	保险经纪人	1
保险经纪人	0	持证房地产副经纪人	1
保险经纪人	0	核保助理	1
保险经纪人	0	商业保险经纪人	1
保险经纪人	0	住宅地产经纪人	1
保险经纪人	0	经纪人助理	1
保险经纪人	0	商业线制片人	1
保险经纪人	0	房地产顾问	1
保险经纪人	0	寿险核保员	1
保险经纪人	0	首席核保官	1
保险经纪人	0	房地产经纪人销售助理	1
保险经纪人	0	保险专员	1
保险经纪人	0	独家代理	1
保险经纪人	0	现场核保员	1
保险经纪人	0	房地产经纪人助理	1
保险经纪人	0	持证保险代理	1
保险经纪人	0	机构实地主管	1
保险经纪人	0	营销代表	1
保险经纪人	0	个人业务经理	1
保险经纪人	0	主管经纪人	1
保险经纪人	0	保险代理	1
保险经纪人	0	个人业务核保员	1
保险经纪人	0	保险核保员	1
保险经纪人	0	生产核保员	1
保险经纪人	0	核保总监	1
保险经纪人	0	保险销售代表	1
保险经纪人	0	机构经理	1
保险经纪人	0	租赁代理	1
保险经纪人	0	买手代理人	1
公共关系主管	0	客户经理	1
公共关系主管	0	发言人	1
公共关系主管	0	企业传播部助理经理	1
公共关系主管	0	宣传经理	1
公共关系主管	0	媒体关系助理	1
公共关系主管	0	战略沟通	1
公共关系主管	0	公共关系干事	1
公共关系主管	0	社交媒体战略规划师	1
公共关系主管	0	公共关系总监	1
公共关系主管	0	媒体与传播经理	1
公共关系主管	0	营销与公共关系干事	1
公共关系主管	0	营销与公共关系专员	1
公共关系主管	0	营销传播专员	1
公共关系主管	0	公共关系主管	1
公共关系主管	0	公共关系代表	1
公共关系主管	0	公共关系协调员	1
公共关系主管	0	营销与传播协调员	1
公共关系主管	0	公共关系助理	1
公共关系主管	0	公共关系与传播顾问	1
公共关系主管	0	公共关系部门主管	1
公共关系主管	0	公共关系与传播协调员	1
公共关系主管	0	社交媒体经理	1
公共关系主管	0	公共关系	1
公共关系主管	0	公共关系专员	1
公共关系主管	0	社交媒体专家	1
公共关系主管	0	公共关系经理	1
公共关系主管	0	全球传播经理	1
公共关系主管	0	公共关系客户主管	1
公共关系主管	0	企业传播助理	1
公共关系主管	0	公共关系顾问	1
公共关系主管	0	媒体关系总监	1
公共关系主管	0	传播部助理总监	1
公共关系主管	0	全球公共关系经理	1
公共关系主管	0	营销与传播主管	1
公共关系主管	0	对外交流经理	1
公共关系主管	0	宣传员	1
公共关系主管	0	传播协调员	1
公共关系主管	0	首席营销与传播官	1
公共关系主管	0	传播专员	1
公共关系主管	0	传播顾问	1
公共关系主管	0	传播经理	1
公共关系主管	0	国际公共关系经理	1
公共关系主管	0	营销与公共关系顾问	1
公共关系主管	0	新闻与公共关系经理	1
公共关系主管	0	企业传播协调员	1
公共关系主管	0	传播负责人	1
兽医	0	注册兽医技术员	1
兽医	0	兽医助理	1
兽医	0	兽医技术员	1
兽医	0	兽医外科医生	1
农学家	0	饲养员	1
农学家	0	农业工程师	1
冶金师	0	工厂冶金师	1
冶金师	0	冶金工程师	1
出版商	0	总编辑	1
出版商	0	编辑制作经理	1
出版商	0	编辑部主任	1
出版商	0	出版部主管	1
出版商	0	编辑部经理	1
出版商	0	编辑顾问	1
出版商	0	出版助理	1
出版商	0	出版经理	1
出版商	0	出版编辑	1
出版商	0	编辑协调员	1
出版商	0	媒体研究员	1
出版商	0	出版协调员	1
出版商	0	文案策划	1
出版商	0	出版总监	1
出版商	0	生活方式编辑	1
出版商	0	出版顾问	1
出版商	0	编辑助理	1
出版商	0	集团出版商	1
出版商	0	合同制文案策划	1
出版商	0	编辑主管	1
出版商	0	内部沟通干事	1
出版商	0	旅行编辑	1
出版商	0	主编	1
出版商	0	内容战略规划师	1
出版商	0	项目编辑	1
出版商	0	市场记者	1
出版商	0	咨询编辑	1
出版商	0	首席记者	1
出版商	0	组稿编辑	1
出版商	0	宣传经理	1
出版商	0	城市编辑	1
出版商	0	内容开发人员	1
出版商	0	文案经理	1
出版商	0	都市编辑	1
出版商	0	公共关系	1
出版商	0	编辑	1
出版商	0	传播经理	1
出版商	0	编辑项目经理	1
出版商	0	媒体关系干事	1
出版商	0	宣传员	1
出版商	0	社论撰稿人	1
出版商	0	撰稿人	1
前台主管	0	会议服务经理	1
前台主管	0	活动主管	1
前台主管	0	水疗主管	1
前台主管	0	助理收入经理	1
前台主管	0	宾客关系主管	1
前台主管	0	前台办公室主管	1
前台主管	0	酒店经理	1
前台主管	0	预约协调员	1
前台主管	0	前台主管	1
前台主管	0	宾客服务主管	1
前台主管	0	预约代理	1
前台主管	0	房务部助理总监	1
前台主管	0	旅馆老板	1
前台主管	0	前台办公室代理	1
前台主管	0	助理前台经理	1
前台主管	0	前台办公室团队负责人	1
前台主管	0	宾客服务代表	1
前台主管	0	前台代表	1
前台主管	0	前台经理	1
前台主管	0	总经理个人助理	1
前台主管	0	前台办公室助理	1
前台主管	0	礼宾部职员	1
前台主管	0	夜班审计员	1
前台主管	0	客房部经理	1
前台主管	0	预约销售代理	1
前台主管	0	值班经理	1
前台主管	0	宾客关系干事	1
前台主管	0	助理客服经理	1
前台主管	0	前厅经理	1
前台主管	0	助理预约经理	1
前台主管	0	会议服务协调员	1
前台主管	0	前台办公室实习生	1
前台主管	0	宾客服务干事	1
前台主管	0	夜班经理	1
前台主管	0	集团预约协调员	1
前台主管	0	助理前厅经理	1
前台主管	0	前台办公室经理	1
前台主管	0	助理夜班经理	1
前台主管	0	行政管家	1
勘探地质学家	0	合同制地质学家	1
勘探地质学家	0	矿山地质学家	1
勘探地质学家	0	地质学家	1
勘探地质学家	0	咨询地质学家	1
勘探地质学家	0	储层地质学家	1
勘探地质学家	0	勘探副总裁	1
勘探地质学家	0	首席地质学家	1
勘探地质学家	0	采矿工程师	1
勘探地质学家	0	环境地质学家	1
勘探地质学家	0	研究地质学家	1
勘探地质学家	0	地球物理学家	1
勘探地质学家	0	内部地球物理学家	1
勘探地质学家	0	地质工程师	1
勘探地质学家	0	野外地质学家	1
化妆师	0	发型设计师	1
化妆师	0	美发厅负责人	1
化妆师	0	美容顾问	1
化妆师	0	发型师	1
化妆师	0	专业化妆师	1
化妆师	0	发型与化妆师	1
化妆师	0	美甲师	1
化妆师	0	理发师	1
化学操作员	0	工艺专员	1
化学操作员	0	工艺设计工程师	1
化学操作员	0	工厂工艺工程师	1
化学操作员	0	工艺工程师	1
化学操作员	0	工艺工程专员	1
化学操作员	0	化学工程师	1
卡车司机	0	公路司机	1
卡车司机	0	专业司机	1
卡车司机	0	司机	1
卡车司机	0	调度员	1
卡车司机	0	调度主管	1
卡车司机	0	交通主管	1
卡车司机	0	调度经理	1
卡车司机	0	服务中心经理	1
卡车司机	0	终端经理	1
卡车司机	0	助理终端经理	1
卡车司机	0	公司司机	1
历史系教授	0	全职教职员工	1
历史系教授	0	院长	1
历史系教授	0	教授	1
历史系教授	0	研究生助理	1
历史系教授	0	副校长	1
历史系教授	0	政治科学系教授	1
历史系教授	0	讲师	1
历史系教授	0	教务长	1
历史系教授	0	助理	1
历史系教授	0	本科招生部助理主任	1
历史系教授	0	客座助理教授	1
历史系教授	0	研究生课程协调员	1
历史系教授	0	社会学讲师	1
历史系教授	0	研究生指导员	1
历史系教授	0	人类学教授	1
历史系教授	0	客座讲师	1
历史系教授	0	历史系助理教授	1
历史系教授	0	研究主任	1
历史系教授	0	大学讲师	1
历史系教授	0	学院顾问	1
历史系教授	0	学术专员	1
历史系教授	0	兼职讲师	1
历史系教授	0	名誉教授	1
历史系教授	0	兼职教授	1
历史系教授	0	兼职历史教授	1
历史系教授	0	助理教授	1
历史系教授	0	大学教授	1
历史系教授	0	生物系教授	1
历史系教授	0	学术项目协调员	1
厨师	0	烹饪经理	1
厨师	0	烹饪教师	1
厨师	0	厨师	1
厨师	0	厨师长	1
厨师	0	主厨	1
厨师	0	助理厨师	1
厨师	0	副主厨	1
厨师	0	私人厨师	1
厨师	0	餐饮主厨	1
厨师	0	厨房助理	1
厨师	0	宴席主厨	1
厨师	0	酒席承办商	1
厨师	0	厨房主管	1
厨师	0	厨房经理	1
厨师	0	厨房助理经理	1
厨师	0	助理餐饮主任	1
厨师	0	食品店员	1
厨师	0	企业主厨	1
厨师	0	宴席主管	1
厨师	0	餐饮服务总监	1
厨师	0	食品服务总监	1
叉车操作员	0	材料处理员	1
叉车操作员	0	发货员	1
叉车操作员	0	发货与收货员	1
叉车操作员	0	仓库操作员	1
叉车操作员	0	仓库助理	1
叉车操作员	0	订单拣选员	1
叉车操作员	0	仓库管理员	1
叉车操作员	0	采摘员	1
叉车操作员	0	运货负责人	1
叉车操作员	0	发货与收货协调员	1
叉车操作员	0	仓库经理	1
叉车操作员	0	装卸工	1
叉车操作员	0	订单选择员	1
叉车操作员	0	发货与收货经理	1
叉车操作员	0	分类人员	1
叉车操作员	0	收货主管	1
发型师	0	时尚造型师	1
发型师	0	色彩专家	1
发型师	0	美容师	1
发型师	0	造型师	1
发型师	0	造型大师	1
发型师	0	时尚顾问	1
发型师	0	理发师	1
发型师	0	发型与化妆师	1
发型师	0	美发厅负责人	1
发型师	0	发型设计师	1
发型师	0	时装设计实习生	1
发型师	0	美发厅协调员	1
商业战略顾问	0	产品战略规划师	1
商业战略顾问	0	副总裁	1
商业战略顾问	0	业务发展人员	1
商业战略顾问	0	总监	1
商业战略顾问	0	总经理	1
商业战略顾问	0	顾问委员会成员	1
商业战略顾问	0	咨询经理	1
商业战略顾问	0	首席运营官	1
商业战略顾问	0	商务专家	1
商业战略顾问	0	驻场执行官	1
商业战略顾问	0	业务发展专家	1
商业战略顾问	0	董事总经理	1
商业战略顾问	0	业务发展副总裁	1
商业战略顾问	0	战略顾问	1
商业战略顾问	0	业务发展顾问	1
商业战略顾问	0	战略举措副总裁	1
商业战略顾问	0	业务发展负责人	1
商业战略顾问	0	战略发展总监	1
商业战略顾问	0	业务运营副总裁	1
商业战略顾问	0	战略部副总裁	1
商业战略顾问	0	首席业务发展官	1
商业战略顾问	0	业务运营总监	1
商业战略顾问	0	战略与运营总监	1
商业战略顾问	0	战略发展部主管	1
商业战略顾问	0	业务开发总监	1
商业战略顾问	0	国际业务发展顾问	1
商业战略顾问	0	全球业务发展经理	1
商业战略顾问	0	业务发展执行副总裁	1
商业战略顾问	0	业务发展经理	1
商业战略顾问	0	战略与运营经理	1
商业战略顾问	0	业务管理顾问	1
商业战略顾问	0	战略规划经理	1
商业战略顾问	0	业务发展副总监	1
商业战略顾问	0	业务发展部主管	1
商业战略顾问	0	管理顾问	1
商业战略顾问	0	商务顾问	1
商业战略顾问	0	战略业务顾问	1
商业战略顾问	0	首席执行官	1
土木工程师	0	项目助理	1
土木工程师	0	土建工程实习生	1
土木工程师	0	助理项目工程师	1
土木工程师	0	工地土木工程师	1
土木工程师	0	桥梁工程师	1
土木工程师	0	土建工程技术员	1
土木工程师	0	助理市政工程师	1
土木工程师	0	研究生土木工程师	1
土木工程师	0	首席土木工程师	1
土木工程师	0	研究生结构工程师	1
土木工程师	0	助理驻地工程师	1
土木工程师	0	土木设计工程师	1
土木工程师	0	驻地工程师	1
土木工程师	0	科目工程师	1
土木工程师	0	市政工程师	1
土木工程师	0	工地工程师	1
土木工程师	0	技术办公室工程师	1
土木工程师	0	排水工程师	1
土木工程师	0	路面工程师	1
土木工程师	0	土木设计师	1
土木工程师	0	建筑监察员	1
土木工程师	0	地区工程师	1
土木工程师	0	助理施工经理	1
土木工程师	0	专业工程师	1
土木工程师	0	建筑实习生	1
土木工程师	0	土木测绘员	1
土木工程师	0	土木工程主管	1
城市设计师	0	中级架构师	1
城市设计师	0	建筑师	1
城市设计师	0	城市规划师	1
城市设计师	0	研究生架构师	1
城市设计师	0	景观设计师	1
城市设计师	0	首席景观建筑师	1
城市设计师	0	景观建筑师	1
城市设计师	0	建筑设计师	1
城市设计师	0	景观建筑实习生	1
城市设计师	0	设计架构师	1
城市设计师	0	设计协调员	1
城市设计师	0	建筑系学生	1
城市设计师	0	建筑助理	1
城市设计师	0	项目设计师	1
城市设计师	0	助理建筑师	1
婚礼策划	0	活动主管	1
婚礼策划	0	活动顾问	1
婚礼策划	0	活动协调员	1
婚礼策划	0	活动经理	1
婚礼策划	0	活动设计师	1
婚礼策划	0	活动策划	1
婚礼策划	0	特别活动策划	1
婚礼策划	0	婚礼与活动规划师	1
婚礼策划	0	企业活动策划	1
婚礼策划	0	婚礼顾问	1
婚礼策划	0	活动专员	1
婚礼策划	0	活动管理总监	1
婚礼策划	0	私人活动主管	1
婚礼策划	0	婚礼协调员	1
媒体采购员	0	媒体规划师	1
媒体采购员	0	广告客户经理	1
媒体采购员	0	数字客户经理	1
媒体采购员	0	媒体集团负责人	1
媒体采购员	0	广告部主管	1
媒体采购员	0	媒体助理	1
媒体采购员	0	在线广告经理	1
媒体采购员	0	客户总监	1
媒体采购员	0	战略主管	1
媒体采购员	0	互动销售经理	1
媒体采购员	0	媒体经理	1
媒体采购员	0	媒体战略规划师	1
媒体采购员	0	广告主管	1
媒体采购员	0	集团媒体总监	1
媒体采购员	0	营销顾问	1
媒体采购员	0	广播电台采购员	1
媒体采购员	0	销售规划师	1
媒体采购员	0	数字主管	1
媒体采购员	0	数字媒体策划师	1
媒体采购员	0	社交媒体营销顾问	1
媒体采购员	0	社交媒体营销经理	1
媒体采购员	0	数字营销经理	1
媒体采购员	0	交通经理	1
媒体采购员	0	社交媒体经理	1
媒体采购员	0	数字媒体主管	1
媒体采购员	0	数字客户总监	1
媒体采购员	0	媒体总监	1
媒体采购员	0	广告经理	1
媒体采购员	0	数字策划师	1
媒体采购员	0	客户企划	1
媒体采购员	0	媒体主管	1
媒体采购员	0	分类广告经理	1
媒体采购员	0	媒体规划主管	1
媒体采购员	0	广播电台谈判员	1
媒体采购员	0	网络营销人员	1
媒体采购员	0	互联网营销协调员	1
媒体采购员	0	营销战略规划师	1
媒体采购员	0	客户战略规划师	1
室内装饰师	0	装修顾问	1
室内装饰师	0	设计中心经理	1
室内装饰师	0	室内设计师	1
小学教师	0	语言艺术教师	1
小学教师	0	中学教师	1
小学教师	0	阅读家庭教师	1
小学教师	0	识字指导员	1
小学教师	0	教育教育诊断师	1
小学教师	0	英语语言艺术教师	1
小学教师	0	教学助理	1
小学教师	0	阅读教练	1
小学教师	0	供应教师	1
小学教师	0	特殊教育主管	1
小学教师	0	助理校长	1
小学教师	0	教学专员	1
小学教师	0	阅读专员	1
小学教师	0	识字专员	1
小学教师	0	校长	1
小学教师	0	特别服务主任	1
小学教师	0	考勤员	1
小学教师	0	技术教练	1
小学教师	0	历史教师	1
小学教师	0	中学科学教师	1
小学教师	0	特殊教育者	1
小学教师	0	内部开发人员	1
小学教师	0	学习支持教师	1
小学教师	0	教学教练	1
小学教师	0	特殊教育教师	1
小学教师	0	次级教师	1
小学教师	0	公立学校教师	1
小学教师	0	小学教育教师	1
小学教师	0	暑期学校教师	1
小学教师	0	中学数学教师	1
小学教师	0	课堂教师	1
小学教师	0	小学教师	1
小学教师	0	儿童保育教师	1
小学教师	0	客座教师	1
小学教师	0	教师	1
小学教师	0	中学英语教师	1
小学教师	0	小学校长	1
小学教师	0	商业教育教师	1
小学教师	0	阅读教师	1
小学教师	0	高中教师	1
小学教师	0	特殊教育教学助理	1
平面设计师	0	数字设计师	1
平面设计师	0	出版设计师	1
平面设计师	0	广告设计师	1
平面设计师	0	图表服务经理	1
平面设计师	0	创意项目经理	1
平面设计师	0	首席平面设计师	1
平面设计师	0	品牌设计师	1
平面设计师	0	品牌设计经理	1
平面设计师	0	传播设计师	1
平面设计师	0	创意服务主管	1
平面设计师	0	桌面排版员	1
平面设计师	0	视觉化艺术家	1
平面设计师	0	桌面排版操作员	1
平面设计师	0	设计师	1
平面设计师	0	创意实习生	1
平面设计师	0	创意经理	1
平面设计师	0	创意美术师	1
平面设计师	0	平面设计经理	1
平面设计师	0	平面设计主管	1
平面设计师	0	图表技术员	1
平面设计师	0	平面设计顾问	1
平面设计师	0	创意平面设计师	1
平面设计师	0	平面设计实习	1
平面设计师	0	平面设计助理	1
平面设计师	0	平面设计学生	1
平面设计师	0	平面设计美术师	1
平面设计师	0	创意服务实习生	1
平面设计师	0	平面设计指导员	1
平面设计师	0	平面美术师	1
平面设计师	0	创意设计经理	1
平面设计师	0	图表专员	1
平面设计师	0	数字媒体设计师	1
平面设计师	0	图表制作美术师	1
平面设计师	0	平面设计教师	1
平面设计师	0	网页和平面设计师	1
平面设计师	0	平面设计协调员	1
平面设计师	0	技术设计师	1
幼儿园教师	0	教学助理	1
幼儿园教师	0	特殊教育助理	1
幼儿园教师	0	学前班主任	1
幼儿园教师	0	公立学校教师	1
幼儿园教师	0	特殊教育工作者	1
幼儿园教师	0	英语语言艺术教师	1
幼儿园教师	0	识字家庭教师	1
幼儿园教师	0	特殊教育教师	1
幼儿园教师	0	识字指导员	1
幼儿园教师	0	教育教育诊断师	1
幼儿园教师	0	阅读专员	1
幼儿园教师	0	副校长	1
幼儿园教师	0	学习支持教师	1
幼儿园教师	0	小学辅导员	1
幼儿园教师	0	识字专员	1
幼儿园教师	0	教育治疗师	1
幼儿园教师	0	早教教育工作者	1
幼儿园教师	0	校长	1
幼儿园教师	0	小学教育教师	1
幼儿园教师	0	课堂教师	1
幼儿园教师	0	教师	1
幼儿园教师	0	代课教师	1
幼儿园教师	0	阅读家庭教师	1
幼儿园教师	0	次级教师	1
幼儿园教师	0	暑期学校教师	1
幼儿园教师	0	学前班教师	1
幼儿园教师	0	学生教师	1
幼儿园教师	0	早教教师	1
幼儿园教师	0	title_1教师	1
幼儿园教师	0	小学教师	1
幼儿园教师	0	中学教师	1
幼儿园教师	0	助理学前班教师	1
幼儿园教师	0	语言艺术教师	1
幼儿园教师	0	阅读教师	1
幼儿园教师	0	高中教师	1
幼儿园教师	0	阅读教练	1
广播电台工程师	0	传输控制员	1
广播电台工程师	0	广播电台系统工程师	1
广播电台工程师	0	技术操作员	1
广播电台工程师	0	广播电台技术员	1
广播电台工程师	0	广播电台经理	1
广播电台工程师	0	广播电台协调员	1
广播电台工程师	0	新闻运营经理	1
广播电台工程师	0	主控操作员	1
广播电台工程师	0	广播制作总监	1
广播电台工程师	0	广播业务总监	1
广播电台工程师	0	质量控制操作员	1
广播电台工程师	0	视频编辑	1
广播电台工程师	0	广播电台主管	1
广播电台工程师	0	技术制作人	1
广播电台工程师	0	视频工程师	1
律师	0	区域法律顾问	1
律师	0	诉讼合伙人	1
律师	0	助理检察长	1
律师	0	内部律师	1
律师	0	顾问	1
律师	0	助理县检察官	1
律师	0	主管顾问	1
律师	0	法务部主管	1
律师	0	房地产律师	1
律师	0	法务人员	1
律师	0	地区法官	1
律师	0	法务部助理经理	1
律师	0	首席律师	1
律师	0	律师	1
律师	0	调解员	1
律师	0	外籍助理	1
律师	0	股东	1
律师	0	国际律师	1
律师	0	外部顾问	1
律师	0	副总法律顾问	1
律师	0	地区副检察官	1
律师	0	企业法律顾问	1
律师	0	法律个人助理	1
律师	0	特别顾问	1
律师	0	办案人员	1
律师	0	法务主管	1
律师	0	监管顾问	1
律师	0	法律与公司秘书主管	1
律师	0	法律秘书	1
律师	0	法律专员	1
律师	0	集团法律顾问	1
律师	0	法律与合规干事	1
律师	0	法律事务总监	1
律师	0	法律顾问	1
律师	0	税务律师	1
律师	0	法律事务部主管	1
律师	0	企业法律助理	1
律师	0	主管律师	1
律师	0	首席法律顾问	1
律师	0	外国法律顾问	1
律师	0	法律助理	1
律师	0	企业顾问	1
律师	0	诉讼经理	1
律师	0	商业律师	1
律师	0	公司律师	1
律师	0	法务部实习生	1
律师	0	法院律师	1
律师	0	法律研究员	1
律师	0	法律协调员	1
律师	0	副总检察长	1
律师	0	副市检察长	1
律师	0	刑事辩护律师	1
律师	0	合同制律师	1
律师	0	研究律师	1
律师	0	内部顾问	1
律师	0	地区助理检察官	1
律师	0	助理公司顾问	1
律师	0	助理首席律师	1
律师	0	司法法务员	1
律师	0	诉讼顾问	1
律师	0	助理总法律顾问	1
律师	0	助理律师	1
律师	0	助理公设辩护律师	1
律师	0	司法助理	1
律师	0	法官	1
律师	0	企业律师	1
律师	0	助理总经理	1
律师	0	行政法法官	1
律师	0	仲裁人	1
律师	0	知识产权专员	1
律师	0	知识产权律师	1
律师	0	庭审顾问	1
律师	0	副公设辩护律师	1
心理治疗师	0	婚姻与家庭治疗师	1
心理治疗师	0	法证心理学家	1
心理治疗师	0	心理学家	1
心理治疗师	0	持证专业咨询师	1
心理治疗师	0	持证婚姻与家庭治疗师	1
心理治疗师	0	持证心理学家	1
心理治疗师	0	持证临床专业咨询师	1
心理治疗师	0	校内治疗师	1
心理治疗师	0	心理健康顾问	1
心理治疗师	0	持证心理健康咨询师	1
心理治疗师	0	家庭顾问	1
心理治疗师	0	持证临床心理学家	1
心理治疗师	0	社工	1
心理治疗师	0	集团协调员	1
心理治疗师	0	临床心理学家	1
心理治疗师	0	持证临床社工	1
心理治疗师	0	治疗师	1
心理治疗师	0	临床社工	1
心理治疗师	0	外联顾问	1
心理治疗师	0	私人诊所心理治疗师	1
心理治疗师	0	临床顾问	1
心理治疗师	0	首席心理学家	1
心理治疗师	0	物理治疗主任	1
心理治疗师	0	私人执业	1
心理治疗师	0	临床主管	1
心理治疗师	0	咨询心理医生	1
心理治疗师	0	家庭服务主任	1
心理治疗师	0	临床治疗师	1
心理治疗师	0	心理分析学家	1
心理治疗师	0	艺术治疗师	1
房地产经纪人	0	经纪人	1
房地产经纪人	0	房地产代理	1
房地产经纪人	0	新房销售顾问	1
房地产经纪人	0	新房顾问	1
房地产经纪人	0	房地契代理	1
房地产经纪人	0	运营负责人	1
房地产经纪人	0	房地产经纪人团队负责人	1
房地产经纪人	0	迁居专员	1
房地产经纪人	0	房地产经纪人销售助理	1
房地产经纪人	0	地产部主管	1
房地产经纪人	0	房地产专员	1
房地产经纪人	0	专业房地产经纪人	1
房地产经纪人	0	机构负责人	1
房地产经纪人	0	商业地产经纪人	1
房地产经纪人	0	持证房地产经纪人	1
房地产经纪人	0	住宅房地产经纪人	1
房地产经纪人	0	房地产经纪人助理	1
房地产经纪人	0	房屋设计师	1
房地产经纪人	0	房地产销售代理	1
房地产经纪人	0	住宅地产经纪人	1
房地产经纪人	0	房地产顾问	1
房地产经纪人	0	物业经理	1
房地产经纪人	0	持证销售代理	1
房地产经纪人	0	经纪人销售助理	1
房地产经纪人	0	持证房地产代理	1
房地产经纪人	0	房地契干事	1
房地产经纪人	0	迁居总监	1
房地产经纪人	0	持证房地产专业人员	1
房地产经纪人	0	房地产助理	1
房地产经纪人	0	指定经纪人	1
房地产经纪人	0	注册房地产估价师	1
房地产经纪人	0	转诊代理	1
房地产经纪人	0	房地产经纪人	1
房地产经纪人	0	持证房地产副经纪人	1
房地产经纪人	0	房地产估价师	1
房地产经纪人	0	社区销售经理	1
房地产经纪人	0	联营经纪人	1
房地产经纪人	0	注册住宅估价师	1
房地产经纪人	0	买手代理人	1
技术招聘人员	0	it招聘人员	1
技术招聘人员	0	人力资源主管	1
技术招聘人员	0	集团人力资源负责人	1
技术招聘人员	0	人才引进副总裁	1
技术招聘人员	0	寻源者	1
技术招聘人员	0	招聘干事	1
技术招聘人员	0	工程招聘人员	1
技术招聘人员	0	销售招聘人员	1
技术招聘人员	0	客户招募经理	1
技术招聘人员	0	招聘团队负责人	1
技术招聘人员	0	it招聘顾问	1
技术招聘人员	0	招聘经理	1
技术招聘人员	0	招聘顾问	1
技术招聘人员	0	招聘部副总裁	1
技术招聘人员	0	人力资源招聘人员	1
技术招聘人员	0	人才引进招聘人员	1
技术招聘人员	0	招聘人	1
技术招聘人员	0	技术招聘经理	1
技术招聘人员	0	全国招聘人员	1
技术招聘人员	0	合同制招聘人员	1
技术招聘人员	0	技术招聘人员	1
技术招聘人员	0	首席招聘人员	1
技术招聘人员	0	人才引进专员	1
技术招聘人员	0	执行招聘人员	1
技术招聘人员	0	招聘主管	1
技术招聘人员	0	人才引进经理	1
技术招聘人员	0	猎头顾问	1
技术招聘人员	0	培训与安置干事	1
技术招聘人员	0	执行资源配置	1
技术招聘人员	0	人力资源信息系统分析师	1
技术招聘人员	0	人力资源助理	1
技术招聘人员	0	人力资本总监	1
技术招聘人员	0	集团人力资源经理	1
技术招聘人员	0	人力资源经理	1
技术招聘人员	0	搜索顾问	1
技术招聘人员	0	人员配置专员	1
技术招聘人员	0	人员配置负责人	1
技术招聘人员	0	人员配置顾问	1
技术招聘人员	0	招聘运营经理	1
技术招聘人员	0	招聘客户经理	1
技术招聘人员	0	医疗招聘人员	1
技术招聘人员	0	it技术招聘人员	1
技术招聘人员	0	人力资源招聘助理	1
技术招聘人员	0	医疗保健招聘人员	1
技术招聘人员	0	人员配置经理	1
技术招聘人员	0	安置顾问	1
技术招聘人员	0	内部招聘人员	1
技术支持代表	0	it现场技术员	1
技术支持代表	0	服务台技术员	1
技术支持代表	0	it技术人员	1
技术支持代表	0	技术支持员	1
技术支持代表	0	用户支持专员	1
技术支持代表	0	服务台分析师	1
技术支持代表	0	服务台主管	1
技术支持代表	0	产品支持技术员	1
技术支持代表	0	支持中心分析师	1
技术支持代表	0	计算机支持技术员	1
技术支持代表	0	技术客户支持代表	1
技术支持代表	0	服务台协调员	1
技术支持代表	0	计算机支持分析师	1
技术支持代表	0	技术支持分析师	1
技术支持代表	0	技术支持主管	1
技术支持代表	0	服务支持专员	1
技术支持代表	0	计算机技术员	1
技术支持代表	0	技术支持协调员	1
技术支持代表	0	软件支持分析师	1
技术支持代表	0	it支持技术员	1
技术支持代表	0	客户支持专员	1
技术支持代表	0	现场支持技术员	1
技术支持代表	0	客户支持分析师	1
技术支持代表	0	现场技术员	1
技术支持代表	0	服务台团队负责人	1
技术支持代表	0	桌边支持技术员	1
技术支持代表	0	桌面支持技术员	1
技术支持代表	0	现场支持分析师	1
技术支持代表	0	服务台工程师	1
技术支持代表	0	服务台管理员	1
技术支持代表	0	服务台支持技术员	1
技术支持代表	0	配置技术员	1
技术支持代表	0	用户支持技术员	1
技术支持代表	0	软件支持技术员	1
技术支持代表	0	桌面支持	1
技术支持代表	0	服务台支持分析师	1
技术支持代表	0	客户支持技术员	1
技术支持代表	0	二线支持分析师	1
技术支持代表	0	技术支持助理	1
投资组合分析师	0	机构销售总监	1
投资组合分析师	0	财务分析师	1
投资组合分析师	0	固定收益投资组合经理	1
投资组合分析师	0	特许金融分析师	1
投资组合分析师	0	固定收益分析师	1
投资组合分析师	0	投资组合经理	1
投资组合分析师	0	基金分析师	1
投资组合分析师	0	固定收益部总监	1
投资组合分析师	0	对冲基金分析师	1
投资组合分析师	0	金融市场分析师	1
投资组合分析师	0	投资研究分析师	1
投资组合分析师	0	投资分析师	1
投资组合分析师	0	投资绩效分析师	1
投资组合分析师	0	共同基金分析师	1
投资组合分析师	0	专有股票交易员	1
投资组合分析师	0	投资组合管理分析师	1
投资组合分析师	0	投资运营经理	1
投资组合分析师	0	投资组合助理	1
投资组合分析师	0	基金经理	1
投资组合分析师	0	中层干部	1
投资组合分析师	0	投资专员	1
投资组合分析师	0	商品分析师	1
投资组合分析师	0	投资部主管	1
投资组合分析师	0	董事总经理	1
投资组合分析师	0	投资组合助理经理	1
投资组合分析师	0	助理基金经理	1
投资组合分析师	0	投资人关系助理	1
投资组合分析师	0	咨询销售专员	1
投资组合分析师	0	助理投资经理	1
投资组合分析师	0	首席投资官	1
投资组合分析师	0	共同基金专员	1
投资组合分析师	0	交易分析师	1
投资组合分析师	0	风险管理助理	1
投资组合分析师	0	首席投资组合经理	1
投资组合分析师	0	股票投资组合经理	1
投资组合分析师	0	投资战略规划师	1
投资银行分析师	0	企业财务部主管	1
投资银行分析师	0	信用专员	1
投资银行分析师	0	现金干事	1
投资银行分析师	0	信贷代表	1
投资银行分析师	0	交易分析师	1
投资银行分析师	0	评级分析师	1
投资银行分析师	0	业务分析师	1
投资银行分析师	0	企业发展助理	1
投资银行分析师	0	股票研究实习生	1
投资银行分析师	0	估值助理	1
投资银行分析师	0	股票研究助理	1
投资银行分析师	0	mba候选人	1
投资银行分析师	0	财务助理	1
投资银行分析师	0	风险管理实习生	1
投资银行分析师	0	企业金融分析师	1
投资银行分析师	0	投资银行助理	1
投资银行分析师	0	私募股权实习生	1
投资银行分析师	0	资本市场分析师	1
投资银行分析师	0	私人银行分析师	1
投资银行分析师	0	企业银行业务分析师	1
投资银行分析师	0	私募股权分析师	1
投资银行分析师	0	投资组合管理分析师	1
投资银行分析师	0	投资银行实习生	1
投资银行分析师	0	金融管理项目实习生	1
投资银行分析师	0	信贷研究分析师	1
投资银行分析师	0	企业发展分析师	1
投资银行分析师	0	企业信贷分析师	1
投资银行分析师	0	信贷分析师	1
投资银行分析师	0	私募股权助理	1
投资银行分析师	0	风险投资分析师	1
投资银行分析师	0	杠杆融资分析师	1
投资银行分析师	0	银行查帐员	1
投资银行分析师	0	企业财务实习生	1
投资银行分析师	0	财务分析师	1
投资银行分析师	0	私人银行经理	1
投资银行分析师	0	金融服务助理	1
摄影师	0	电影制片人	1
摄影师	0	录像带操作员	1
摄影师	0	视频制作总监	1
摄影师	0	第二助理	1
摄影师	0	楼层总监	1
摄影师	0	第一助理摄影师	1
摄影师	0	纪录片制片人	1
摄影师	0	灯光摄像师	1
摄影师	0	呼叫中心助理	1
摄影师	0	合同制摄影师	1
摄影师	0	创意服务制作人	1
摄影师	0	内部摄影师	1
摄影师	0	专业摄影师	1
摄影师	0	助理摄影师	1
摄影师	0	体育摄影师	1
摄影师	0	活动摄影师	1
摄影师	0	照片编辑	1
摄影师	0	摄影经理	1
摄影师	0	时尚摄影师	1
摄影师	0	照片专员	1
摄影师	0	摄影造型师	1
摄影师	0	照片实验室技术员	1
摄影师	0	照片技术员	1
摄影师	0	新闻运营经理	1
摄影师	0	电影与视频编辑	1
摄影师	0	电影编辑	1
摄影师	0	美术摄影师	1
摄影师	0	后期制作编辑	1
摄影师	0	摄影助理	1
摄影师	0	后期制作实习生	1
摄影师	0	片场制作助理	1
摄影师	0	广播电台协调员	1
摄影师	0	制作人	1
摄影师	0	电视导演	1
摄影师	0	产品运营总监	1
摄影师	0	助理制片人	1
摄影师	0	执行制片人	1
摄影师	0	视频制作经理	1
摄影师	0	摄影师	1
摄影师	0	视频编辑	1
摄影师	0	摄影总监	1
摄影师	0	视频制作专员	1
摄影师	0	助理编辑	1
摄影师	0	视频制作人	1
摄影师	0	助理视频编辑	1
摄影师	0	推广制作人	1
摄影师	0	摄像师	1
收银员	0	客户服务部收银员	1
收银员	0	股票助理	1
收银员	0	楼层员工	1
收银员	0	前台助理	1
收银员	0	兼职销售助理	1
收银员	0	客户服务代表	1
收银员	0	销售助理	1
收银员	0	装袋员	1
收银员	0	零售助理	1
收银员	0	收银员主管	1
收银员	0	季节性销售助理	1
收银员	0	杂货店员	1
收银员	0	零售销售员	1
收银员	0	轮班负责人	1
收银员	0	第二助理经理	1
收银员	0	销售代表	1
收银员	0	服务助理人员	1
收银员	0	迎宾员	1
收银员	0	客户服务专员	1
收银员	0	生产员	1
收银员	0	鞣制顾问	1
收银员	0	银行出纳员	1
收银员	0	柜台职员	1
收银员	0	宾客体验执行团队负责人	1
收银员	0	销售团队成员	1
收银员	0	助理前端经理	1
收银员	0	助理经理	1
收银员	0	装袋工	1
收银员	0	楼层负责人	1
收银员	0	前端主管	1
收银员	0	钥匙管理员	1
收银员	0	零售销售助理	1
收银员	0	临时助理	1
收银员	0	食品服务员	1
放射科技术专家	0	放射科主管	1
放射科技术专家	0	放射科经理	1
放射科技术专家	0	血管技术专家	1
放射科技术专家	0	放射科技术员	1
放射科技术专家	0	影像服务主任	1
放射科技术专家	0	影像主管	1
放射科技术专家	0	放射科技术专家	1
放射科技术专家	0	放射科主任	1
放射科技术专家	0	内部技术专家	1
放射科技术专家	0	放射科医生	1
放射科技术专家	0	超声波技术专家	1
政策顾问	0	副秘书	1
政策顾问	0	项目干事	1
政策顾问	0	政策分析师	1
政策顾问	0	宣传干事	1
政策顾问	0	经济发展干事	1
政策顾问	0	政策部主管	1
政策顾问	0	公共政策经理	1
政策顾问	0	政策协调员	1
政策顾问	0	政策专员	1
政策顾问	0	全国专家	1
政策顾问	0	副部长	1
文案策划	0	合同制撰稿人	1
文案策划	0	广告协调员	1
文案策划	0	数字内容经理	1
文案策划	0	广告专员	1
文案策划	0	品牌策划	1
文案策划	0	内容营销经理	1
文案策划	0	内容战略规划师	1
文案策划	0	内容分析师	1
文案策划	0	创意服务副总裁	1
文案策划	0	综合营销经理	1
文案策划	0	文案主任	1
文案策划	0	文案经理	1
文案策划	0	文案主管	1
文案策划	0	集团文案主管	1
文案策划	0	集团规划总监	1
文案策划	0	广告制作协调员	1
文案策划	0	公共关系顾问	1
文案策划	0	传播经理	1
文案策划	0	受众发展总监	1
文案策划	0	内容撰稿人	1
文案策划	0	合同制文案策划	1
文案策划	0	内容制作人	1
文案策划	0	出版商	1
文案策划	0	助理内容经理	1
文案策划	0	创作副总监	1
文案策划	0	创意撰稿人	1
文案策划	0	网站内容经理	1
文案策划	0	出版协调员	1
文案策划	0	创意文案策划	1
文案策划	0	内容主管	1
文案策划	0	社交媒体总监	1
文案策划	0	营销文案策划	1
文案策划	0	网站内容撰稿人	1
文案策划	0	广告文案策划	1
文案策划	0	内容经理	1
文案策划	0	互动媒体经理	1
新闻主播	0	演讲者	1
新闻主播	0	新闻制作人	1
新闻主播	0	电台播音员	1
新闻主播	0	主持人	1
新闻主播	0	脱口秀主持人	1
新闻主播	0	新闻记者	1
新闻主播	0	多媒体记者	1
新闻主播	0	电视新闻记者	1
新闻主播	0	早间节目制作人	1
新闻主播	0	早间节目主持人	1
新闻主播	0	早间新闻主播	1
新闻主播	0	助理新闻总监	1
新闻主播	0	体育主播	1
新闻主播	0	公共广播播音员	1
新闻主播	0	交通记者	1
新闻主播	0	电视记者	1
新闻主播	0	广播电台记者	1
新闻主播	0	项目制作人	1
新闻主播	0	体育编辑	1
新闻主播	0	广播电台助理	1
新闻主播	0	国家记者	1
新闻主播	0	广播电台经理	1
新闻主播	0	新闻总监	1
新闻主播	0	主办方	1
新闻主播	0	电台制作人	1
新闻主播	0	广播播音员	1
新闻主播	0	广播员	1
新闻主播	0	体育制作人	1
新闻主播	0	电视新闻制作人	1
新闻主播	0	调遣编辑	1
新闻主播	0	体育记者	1
新闻主播	0	电视主持人	1
新闻主播	0	新闻运营经理	1
新闻主播	0	人才制作人	1
旅行代理	0	全球差旅经理	1
旅行代理	0	旅行经理	1
旅行代理	0	企业旅行经理	1
旅行代理	0	旅游协调员	1
旅行代理	0	票务代理	1
旅行代理	0	旅行机构经理	1
旅行代理	0	旅行专员	1
旅行代理	0	企业旅行代理	1
旅行代理	0	导游	1
旅行代理	0	国际旅行顾问	1
旅行代理	0	旅游总监	1
旅行代理	0	旅行主管	1
旅行代理	0	旅行顾问	1
旅行代理	0	假期规划师	1
无线工程师	0	无线产品经理	1
无线工程师	0	推广工程师	1
无线工程师	0	核心工程师	1
无线工程师	0	核心网络工程师	1
无线工程师	0	电信工程师	1
无线工程师	0	电信项目工程师	1
无线工程师	0	理学学士工程师	1
无线工程师	0	集群负责人	1
无线工程师	0	实施主管	1
无线工程师	0	业务支持系统工程师	1
无线工程师	0	电信干事	1
无线工程师	0	现场运营技术员	1
无线工程师	0	无线专员	1
无线工程师	0	现场运营工程师	1
无线工程师	0	电信团队负责人	1
无线工程师	0	电信助理	1
无线工程师	0	电信协调员	1
无线工程师	0	电信专家	1
无线工程师	0	网络性能工程师	1
无线工程师	0	网络集成工程师	1
无线工程师	0	系统性能工程师	1
无线工程师	0	网络规划工程师	1
无线工程师	0	无线顾问	1
无线工程师	0	开关工程师	1
无线工程师	0	无线电工程师	1
时装设计师	0	首席设计师	1
时装设计师	0	女装设计师	1
时装设计师	0	助理技术设计师	1
时装设计师	0	男装设计师	1
时装设计师	0	时装设计实习生	1
时装设计师	0	针织品设计师	1
时装设计师	0	设计师	1
时装设计师	0	产品设计师	1
时装设计师	0	设计指导员	1
时装设计师	0	服装设计师	1
时装设计师	0	产品设计顾问	1
时装设计师	0	纺织品设计师	1
时装设计师	0	助理设计师	1
时装设计师	0	设计实习生	1
时装设计师	0	产品开发助理	1
时装设计师	0	设计与制作实习生	1
时装设计师	0	设计部主管	1
时装设计师	0	设计团队负责人	1
时装设计师	0	技术设计师	1
时装设计师	0	图案设计师	1
时装设计师	0	造型顾问	1
时装设计师	0	互动艺术总监	1
时装设计师	0	印刷设计师	1
时装设计师	0	时尚协调员	1
时装设计师	0	时尚助理	1
时装设计师	0	品牌设计师	1
时装设计师	0	缝纫教师	1
时装设计师	0	配饰设计师	1
时装设计师	0	艺术指导实习生	1
时装设计师	0	鞋类设计师	1
木匠	0	建筑工人	1
木匠	0	工地领班	1
木匠	0	现场主管	1
木匠	0	总承包商	1
木匠	0	木匠大师	1
木匠	0	合同工	1
机械工程师	0	产品设计与开发工程师	1
机械工程师	0	项目工程师	1
机械工程师	0	包装工程师	1
机械工程师	0	机械专员	1
机械工程师	0	助理设计工程师	1
机械工程师	0	机械制图员	1
机械工程师	0	机械设计师	1
机械工程师	0	工程设计师	1
机械工程师	0	制造设计工程师	1
机械工程师	0	设计工程实习生	1
机械工程师	0	助理机械工程师	1
机械工程师	0	工艺机械工程师	1
机械工程师	0	机械项目工程师	1
机械工程师	0	机械设计工程师	1
机械工程师	0	设计工程师	1
机械工程师	0	机械工程顾问	1
机械工程师	0	机械工程实习生	1
机械工程师	0	首席机械工程师	1
机械工程师	0	机械开发工程师	1
机械工程师	0	机械设计经理	1
机械工程师	0	机械工程技术员	1
机械工程师	0	研究生机械工程师	1
机械工程师	0	合同制机械工程师	1
机械工程师	0	设计与开发工程师	1
机械工程师	0	机械系统工程师	1
桌面支持技术员	0	桌面支持工程师	1
桌面支持技术员	0	支持技术员	1
桌面支持技术员	0	计算机支持技术员	1
桌面支持技术员	0	服务台分析师	1
桌面支持技术员	0	桌面工程师	1
桌面支持技术员	0	用户支持技术员	1
桌面支持技术员	0	it支持专员	1
桌面支持技术员	0	桌面管理员	1
桌面支持技术员	0	技术支持员	1
桌面支持技术员	0	服务台技术员	1
桌面支持技术员	0	服务台管理员	1
桌面支持技术员	0	服务台支持分析师	1
桌面支持技术员	0	桌面支持团队负责人	1
桌面支持技术员	0	桌面支持分析师	1
桌面支持技术员	0	计算机网络技术员	1
桌面支持技术员	0	桌面支持	1
桌面支持技术员	0	桌面支持专员	1
桌面支持技术员	0	桌边支持技术员	1
桌面支持技术员	0	it技术人员	1
桌面支持技术员	0	系统支持主管	1
桌面支持技术员	0	最终用户支持专家	1
桌面支持技术员	0	操作系统分析师	1
桌面支持技术员	0	软件支持分析师	1
桌面支持技术员	0	区域支持专员	1
桌面支持技术员	0	一线支持	1
桌面支持技术员	0	支持中心分析师	1
桌面支持技术员	0	it综合人员	1
桌面支持技术员	0	服务器管理员	1
桌面支持技术员	0	服务中心分析师	1
桌面支持技术员	0	顾问邮箱	1
桌面支持技术员	0	远程支持工程师	1
桌面支持技术员	0	二线支持分析师	1
桌面支持技术员	0	系统管理员	1
桌面支持技术员	0	现场支持技术员	1
桌面支持技术员	0	配置技术员	1
桌面支持技术员	0	技术支持分析师	1
桌面支持技术员	0	应用程序支持技术员	1
桌面支持技术员	0	产品支持技术员	1
桌面支持技术员	0	计算机技术员	1
桌面支持技术员	0	服务台协调员	1
桌面支持技术员	0	技术支持团队负责人	1
桌面支持技术员	0	计算机支持分析师	1
桌面支持技术员	0	网络运营分析师	1
档案保管员	0	收款实习生	1
档案保管员	0	公共服务图书管理员	1
档案保管员	0	图书馆馆长	1
档案保管员	0	编目员	1
档案保管员	0	图书管理员	1
档案保管员	0	托收总监	1
档案保管员	0	项目档案保管员	1
档案保管员	0	大学图书管理员	1
档案保管员	0	档案助理	1
档案保管员	0	档案实习生	1
档案保管员	0	助理档案保管员	1
档案保管员	0	企业图书管理员	1
档案保管员	0	研究图书管理员	1
档案保管员	0	档案技术员	1
档案保管员	0	媒体图书管理员	1
档案保管员	0	收款员	1
档案保管员	0	收款助理	1
模拟设计工程师	0	企业应用程序工程师	1
模拟设计工程师	0	数字内容工程师	1
模拟设计工程师	0	物理设计经理	1
模拟设计工程师	0	物理设计师	1
模拟设计工程师	0	布局工程师	1
模拟设计工程师	0	模拟设计师	1
模拟设计工程师	0	电路设计师	1
模拟设计工程师	0	设计自动化工程师	1
模拟设计工程师	0	技术人员成员	1
模拟设计工程师	0	布局设计师	1
模拟设计工程师	0	混合信号设计工程师	1
模拟设计工程师	0	内部应用程序工程师	1
模拟设计工程师	0	信号完整性工程师	1
模拟设计工程师	0	首席硬件工程师	1
模拟设计工程师	0	内部设计工程师	1
模拟设计工程师	0	首席设计工程师	1
模拟设计工程师	0	物理设计工程师	1
模拟设计工程师	0	电路设计工程师	1
模拟设计工程师	0	布局设计工程师	1
歌手	0	声乐家	1
歌手	0	特邀艺术家	1
歌手	0	音乐专业人员	1
歌手	0	表演艺术	1
歌手	0	音乐讲师	1
歌手	0	音乐实习生	1
歌手	0	音乐总监	1
歌手	0	音乐人	1
歌手	0	演艺人员	1
歌手	0	声乐教练	1
歌手	0	乐队总监	1
歌手	0	歌曲作家	1
歌手	0	音乐制作人	1
歌手	0	乐队经理	1
歌手	0	专业歌手	1
歌手	0	伴奏员	1
歌手	0	乐队成员	1
歌手	0	音乐家	1
水文地质学家	0	野外地质学家	1
水文地质学家	0	水文学家	1
水文地质学家	0	地质技术员	1
水文地质学家	0	项目地质学家	1
水文地质学家	0	首席地质学家	1
水文地质学家	0	首席水文地质学家	1
水文地质学家	0	项目水文地质学家	1
水管工	0	建筑领班	1
水管工	0	工头	1
水管工	0	项目领班	1
水管工	0	水管工大师	1
汽车工程师	0	设计与开发工程师	1
汽车工程师	0	校准工程师	1
汽车工程师	0	动力系统工程师	1
汽车工程师	0	设计发布工程师	1
汽车工程师	0	研究与发展工程师	1
汽车工程师	0	诊断工程师	1
注册护士	0	护士	1
注册护士	0	高级执业护士	1
注册护士	0	儿科执业护士	1
注册护士	0	临床指导员	1
注册护士	0	临床联络员	1
注册护士	0	医生助理	1
注册护士	0	执业护士	1
注册护士	0	房屋主管	1
注册护士	0	内部护士	1
注册护士	0	持证执业护士	1
注册护士	0	公共卫生护士	1
注册护士	0	地区护士	1
注册护士	0	家庭保健护士	1
注册护士	0	职业健康护士	1
注册护士	0	护理指导员	1
注册护士	0	旅行护士	1
注册护士	0	护士联络员	1
注册护士	0	学校护士	1
注册护士	0	成人执业护士	1
注册护士	0	医疗保健助理	1
注册护士	0	护理部助理主任	1
注册护士	0	重症监护护士	1
海员	0	海事官员	1
海员	0	第一工程师	1
海员	0	港口工程师	1
海员	0	现金干事值班人员	1
海员	0	水手长	1
海员	0	海事监理	1
海员	0	二副	1
海员	0	海事顾问	1
海员	0	海事运营经理	1
海员	0	技术监理	1
消防员	0	助理消防队长	1
消防员	0	消防大队长	1
消防员	0	消防队长	1
消防员	0	消防队员	1
消防员	0	消防中尉	1
消防员	0	消防官员	1
消防员	0	消防局局长	1
消防员	0	副消防队长	1
消防员	0	紧急调度员	1
烘焙师	0	助理厨师	1
烘焙师	0	厨师长	1
烘焙师	0	餐饮主厨	1
烘焙师	0	企业主厨	1
烘焙师	0	主厨	1
烘焙师	0	助理主厨	1
烘焙师	0	助理面点师	1
烘焙师	0	厨师	1
烘焙师	0	糕点师	1
烘焙师	0	行政糕点师	1
烘焙师	0	食品服务经理	1
烘焙师	0	厨房员工	1
烘焙师	0	厨房主管	1
烘焙师	0	酒席承办商	1
牙科医生	0	牙髓病学家	1
牙科医生	0	首席牙医官	1
牙科医生	0	普通牙科医生	1
牙科医生	0	口腔颌面外科医生	1
牙科医生	0	注册牙科助理	1
牙科医生	0	正牙医生	1
牙科医生	0	牙科护士	1
物流专员	0	物流部主管	1
物流专员	0	全国物流经理	1
物流专员	0	仓库团队负责人	1
物流专员	0	仓库专员	1
物流专员	0	物流分析师	1
物流专员	0	仓库运营经理	1
物流专员	0	物流部经理	1
物流专员	0	物流规划师	1
物流专员	0	库存经理	1
物流专员	0	仓库与物流经理	1
物流专员	0	物流师	1
物流专员	0	物流助理	1
物流专员	0	物流总监	1
物流专员	0	物流团队负责人	1
物流专员	0	物流主流	1
物流专员	0	物流经理	1
物流专员	0	运营与物流经理	1
物流专员	0	物流协调员	1
物流专员	0	物流专家	1
物流专员	0	物流主管	1
物流专员	0	物流中心经理	1
物流专员	0	国际物流协调员	1
物流专员	0	物流顾问	1
物流专员	0	国际物流经理	1
物流专员	0	仓库与配送经理	1
物流专员	0	企业物流经理	1
物流专员	0	物流工程师	1
物流专员	0	物流控制员	1
物流专员	0	集团物流经理	1
物流专员	0	物流	1
物流专员	0	供应链干事	1
物流专员	0	全球物流经理	1
物流专员	0	仓库操作员	1
物流专员	0	区域物流经理	1
犬类美容师	0	犬舍助理	1
犬类美容师	0	宠物保姆	1
犬类美容师	0	遛狗人	1
犬类美容师	0	美容师	1
环境艺术家	0	游戏设计师	1
环境艺术家	0	艺术家	1
环境艺术家	0	技术画师	1
环境艺术家	0	技术艺术总监	1
环境艺术家	0	角色画师	1
环境艺术家	0	角色建模师	1
环境艺术家	0	纹理艺术家	1
环境艺术家	0	建模师	1
环境艺术家	0	3d场景美术师	1
环境艺术家	0	3d建模师	1
环境艺术家	0	3d美术师	1
环境艺术家	0	游戏美术师	1
生物医学工程师	0	设备维修技术员	1
电信工程师	0	无线工程师	1
电信工程师	0	电信协调员	1
电信工程师	0	通讯技术员	1
电信工程师	0	开关工程师	1
电信工程师	0	声音工程师	1
电信工程师	0	无线专员	1
电信工程师	0	推广工程师	1
电信工程师	0	核心工程师	1
电信工程师	0	电信部主管	1
电信工程师	0	传输工程师	1
电信工程师	0	电信助理	1
电信工程师	0	实施主管	1
电信工程师	0	无线电规划工程师	1
电信工程师	0	核心网络工程师	1
电信工程师	0	网络集成工程师	1
电信工程师	0	电信项目工程师	1
电信工程师	0	网络工程师	1
电信工程师	0	电信系统工程师	1
电信工程师	0	电信技术员	1
电信工程师	0	网络运营中心操作员	1
电信工程师	0	电信专家	1
电信工程师	0	电信顾问	1
电信工程师	0	电信专员	1
电信工程师	0	电信主管	1
电信工程师	0	电信干事	1
电信工程师	0	网络设计经理	1
电信工程师	0	电话工程师	1
电信工程师	0	电信团队负责人	1
电子工程师	0	嵌入式软件团队负责人	1
电子工程师	0	硬件开发总监	1
电子工程师	0	机械开发工程师	1
电子工程师	0	研究与发展工程师	1
电子工程师	0	设计与开发工程师	1
电子工程师	0	内部硬件工程师	1
电子工程师	0	产品设计与开发工程师	1
电子工程师	0	电子设计师	1
电子工程师	0	电子专员	1
电子工程师	0	创新工程师	1
电子工程师	0	机械设计工程师	1
电子工程师	0	硬件设计师	1
电子工程师	0	机械工程实习生	1
电子工程师	0	硬件系统工程师	1
电子工程师	0	硬件团队负责人	1
电子工程师	0	硬件专员	1
电子工程师	0	软件开发工程师	1
电子工程师	0	硬件开发人员	1
电子工程师	0	电气测试工程师	1
电子工程师	0	电气与电子工程师	1
电子工程师	0	印制电路板设计师	1
电子工程师	0	电子开发工程师	1
电子工程师	0	电子设计工程师	1
电子工程师	0	测试设计工程师	1
电子工程师	0	嵌入式系统工程师	1
电子工程师	0	电气工程总监	1
电子工程师	0	系统设计工程师	1
电子工程师	0	硬件开发工程师	1
电子工程师	0	硬件设计工程师	1
电子工程师	0	内部电气工程师	1
电子工程师	0	首席电力工程师	1
电子工程师	0	电子系统工程师	1
电子工程师	0	硬件工程师	1
电影导演	0	视频制作总监	1
电影导演	0	执行制片人	1
电影导演	0	线路制作人	1
电影导演	0	摄影总监	1
电影导演	0	纪录片制片人	1
电影导演	0	呼叫中心助理	1
电影导演	0	视频编辑	1
电影导演	0	选角制作人	1
电影导演	0	电影与视频编辑	1
电影导演	0	第二助理	1
电影导演	0	地区星探	1
电影导演	0	脚本主管	1
电影导演	0	助理地点经理	1
电影导演	0	楼层总监	1
电影导演	0	地区经理	1
电影导演	0	第一助理总监	1
电影导演	0	第二助理导演	1
电影导演	0	开发制片人	1
电影导演	0	电影编辑	1
电影导演	0	第一助理摄影师	1
电影导演	0	助理制片人	1
电影导演	0	第一助理编辑	1
电影导演	0	执行艺术总监	1
电影导演	0	生产秘书	1
电影导演	0	后期制作主管	1
电影导演	0	技术制作人	1
电影导演	0	生产协调员	1
电影导演	0	创意制作人	1
电影导演	0	后期制作经理	1
电影导演	0	制作人	1
电影导演	0	生产经理	1
电影导演	0	助理编辑	1
电影导演	0	媒体制作专员	1
电影导演	0	电影制片人	1
电影导演	0	首席创意总监	1
电影导演	0	新媒体制作人	1
电影导演	0	摄像师	1
电影导演	0	艺术总监	1
电脑维修技术员	0	it现场技术员	1
电脑维修技术员	0	技术支持	1
电脑维修技术员	0	计算机支持分析师	1
电脑维修技术员	0	it支持技术员	1
电脑维修技术员	0	客户支持技术员	1
电脑维修技术员	0	桌边支持技术员	1
电脑维修技术员	0	系统支持技术员	1
电脑维修技术员	0	硬件技术员	1
电脑维修技术员	0	计算机支持技术员	1
电脑维修技术员	0	计算机网络技术员	1
电脑维修技术员	0	个人电脑技术员	1
电脑维修技术员	0	计算机系统技术员	1
电脑维修技术员	0	个人电脑维修技术员	1
电脑维修技术员	0	计算机硬件技术员	1
电脑维修技术员	0	配置技术员	1
电脑维修技术员	0	桌面支持实习生	1
电脑维修技术员	0	it技术人员	1
电脑维修技术员	0	部署技术员	1
电脑维修技术员	0	计算机服务技术员	1
电脑维修技术员	0	桌面支持工程师	1
电脑维修技术员	0	个人电脑专员	1
电脑维修技术员	0	桌面支持	1
电脑维修技术员	0	现场技术员	1
电脑维修技术员	0	硬件支持工程师	1
电脑维修技术员	0	服务台代理	1
电脑维修技术员	0	计算机硬件工程师	1
电脑维修技术员	0	计算机技术员	1
电脑维修技术员	0	服务台支持技术员	1
画廊总监	0	美术专员	1
画廊总监	0	艺术品管理员	1
画廊总监	0	艺术评论家	1
画廊总监	0	展览策展人	1
画廊总监	0	艺术系教授	1
画廊总监	0	画廊助理	1
画廊总监	0	馆长	1
画廊总监	0	艺术顾问	1
画廊总监	0	艺术品经销商	1
画廊总监	0	画廊经理	1
画廊总监	0	画廊协调员	1
画廊总监	0	首席馆长	1
私人健身教练	0	训练营教官	1
私人健身教练	0	健身协调员	1
私人健身教练	0	健身总监	1
私人健身教练	0	注册个人教练	1
私人健身教练	0	私人培训经理	1
私人健身教练	0	健康与健身专员	1
私人健身教练	0	健身专员	1
私人健身教练	0	crossfit教练	1
私人健身教练	0	个人培训总监	1
私人健身教练	0	健身经理	1
私人健身教练	0	室内自行车教练	1
私人健身教练	0	私人培训师	1
私人健身教练	0	集团健身教练	1
私人健身教练	0	健身顾问	1
私人健身教练	0	健身教练	1
私人调查员	0	调查员	1
私人调查员	0	调查官	1
私人调查员	0	企业调查员	1
私人调查员	0	区域调查员	1
私人调查员	0	警探	1
私人调查员	0	背景调查员	1
私人调查员	0	特别调查员	1
私人调查员	0	首席调查员	1
私人调查员	0	刑事调查员	1
私人调查员	0	现场调查员	1
私人调查员	0	调查部总监	1
私人调查员	0	邮政检验员	1
私人调查员	0	特别代理	1
私人调查员	0	监管特别代理	1
私人调查员	0	警察督察	1
私人调查员	0	调查专员	1
私募股权分析师	0	股票研究助理	1
私募股权分析师	0	估值助理	1
私募股权分析师	0	股票研究实习生	1
私募股权分析师	0	企业发展助理	1
私募股权分析师	0	估值分析师	1
私募股权分析师	0	股票研究主管	1
私募股权分析师	0	助理基金经理	1
私募股权分析师	0	企业金融分析师	1
私募股权分析师	0	企业发展分析师	1
私募股权分析师	0	筹资分析师	1
私募股权分析师	0	投资分析师	1
私募股权分析师	0	投资银行分析师	1
私募股权分析师	0	投资银行暑期分析师	1
私募股权分析师	0	投资研究分析师	1
私募股权分析师	0	企业银行业务分析师	1
私募股权分析师	0	杠杆融资分析师	1
私募股权分析师	0	投资组合管理分析师	1
私募股权分析师	0	私募股权助理	1
私募股权分析师	0	投资人关系助理	1
私募股权分析师	0	金融服务助理	1
私募股权分析师	0	投资银行助理	1
私募股权分析师	0	风险投资分析师	1
私募股权分析师	0	企业财务实习生	1
私募股权分析师	0	财务分析师	1
私募股权分析师	0	私募股权实习生	1
私募股权分析师	0	结构融资分析师	1
私募股权分析师	0	交易分析师	1
私募股权分析师	0	市场研究分析师	1
私募股权分析师	0	投资银行实习生	1
税务会计	0	收入代理	1
税务会计	0	内部收入代理	1
税务会计	0	专业会计	1
税务会计	0	临时会计	1
税务会计	0	税务技术员	1
税务会计	0	总账主管	1
税务会计	0	审计员	1
税务会计	0	簿记员	1
税务会计	0	审计文员	1
税务会计	0	会计	1
税务会计	0	首席会计	1
税务会计	0	财产税经理	1
税务会计	0	税务经理	1
税务会计	0	高级税务顾问	1
税务会计	0	州和地方税务经理	1
税务会计	0	企业税务经理	1
税务会计	0	中级会计师	1
税务会计	0	税务总监	1
税务会计	0	助理管理会计师	1
税务会计	0	薪资税务会计	1
税务会计	0	税务审计员	1
税务会计	0	税务主管	1
税务会计	0	内部会计	1
税务会计	0	会计助理	1
税务会计	0	税务代理	1
税务会计	0	税务分析师	1
税务会计	0	会计人员	1
税务会计	0	会计讲师	1
税务会计	0	税务助理	1
税务会计	0	税务负责人	1
税务会计	0	内部税务会计	1
税务会计	0	企业税务顾问	1
税务会计	0	税务管理员	1
税务会计	0	税务顾问	1
税务会计	0	税务合规经理	1
税务会计	0	税务专员	1
税务会计	0	客户会计	1
税务会计	0	联邦税务经理	1
筹款人	0	年度基金经理	1
筹款人	0	支持员	1
筹款人	0	筹款协调员	1
筹款人	0	筹款干事	1
筹款人	0	基金会经理	1
筹款人	0	筹款顾问	1
筹款人	0	基金发展协调员	1
筹款人	0	筹款经理	1
筹款人	0	大额捐赠经理	1
筹款人	0	基金发展部总监	1
筹款人	0	合作伙伴协调员	1
筹款人	0	业务发展助理	1
筹款人	0	筹款总监	1
筹款人	0	发展与公共关系总监	1
筹款人	0	会员服务部总监	1
筹款人	0	企业合作伙伴关系总监	1
筹款人	0	捐赠者关系协调员	1
筹款人	0	筹款部主管	1
筹款人	0	年度捐赠经理	1
筹款人	0	企业与基金会关系总监	1
筹款人	0	年度资金助理主任	1
筹款人	0	计划捐赠部主任	1
筹款人	0	捐赠者关系干事	1
筹款人	0	捐赠者关系经理	1
筹款人	0	业务发展干事	1
筹款人	0	补助金经理	1
筹款人	0	特别活动主任	1
筹款人	0	个人捐赠经理	1
纺织品设计师	0	服装设计师	1
纺织品设计师	0	概念设计师	1
纺织品设计师	0	首席设计师	1
纺织品设计师	0	设计指导员	1
纺织品设计师	0	设计师	1
纺织品设计师	0	配饰设计师	1
纺织品设计师	0	女装设计师	1
纺织品设计师	0	设计助理	1
纺织品设计师	0	助理设计师	1
纺织品设计师	0	印刷设计师	1
纺织品设计师	0	鞋类设计师	1
纺织品设计师	0	产品开发助理	1
纺织品设计师	0	视觉设计师	1
纺织品设计师	0	时装设计实习生	1
纺织品设计师	0	时装设计师	1
纺织品设计师	0	针织品设计师	1
纺织品设计师	0	设计与制作实习生	1
纺织品设计师	0	时尚助理	1
纺织品设计师	0	设计实习生	1
纺织品设计师	0	男装设计师	1
网站开发工程师	0	多媒体程序员	1
网站开发工程师	0	网络工程师	1
网站开发工程师	0	软件工程培训生	1
网站开发工程师	0	企业网站管理员	1
网站开发工程师	0	首席软件工程师	1
网站开发工程师	0	用户界面工程师	1
网站开发工程师	0	网页设计师	1
网站开发工程师	0	全栈工程师	1
网站开发工程师	0	网络开发主管	1
网站开发工程师	0	创意开发人员	1
网站开发工程师	0	软件项目负责人	1
网站开发工程师	0	软件顾问	1
网站开发工程师	0	网站开发经理	1
网站开发工程师	0	用户界面设计师	1
网站开发工程师	0	网络用户界面开发人员	1
网站开发工程师	0	网络程序员	1
网站开发工程师	0	网络应用程序开发人员	1
网站开发工程师	0	合同制网站开发工程师	1
网站开发工程师	0	网站开发团队负责人	1
网站开发工程师	0	客户端开发人员	1
网站开发工程师	0	应用程序开发团队负责人	1
网站开发工程师	0	网站开发工程师	1
网站开发工程师	0	网络应用程序程序员	1
网站开发工程师	0	交互开发人员	1
网站开发工程师	0	网络应用程序专员	1
网站开发工程师	0	后端开发人员	1
网站开发工程师	0	软件应用程序开发人员	1
网站开发工程师	0	软件开发实现	1
网站开发工程师	0	应用程序开发员	1
网站开发工程师	0	产品开发人员	1
网站开发工程师	0	网站开发实习生	1
网站开发工程师	0	开发员	1
网站开发工程师	0	软件工程实习生	1
网站开发工程师	0	html5开发人员	1
网站开发工程师	0	网站设计师	1
网站开发工程师	0	软件公司	1
网站开发工程师	0	网络制作人	1
网络安全分析师	0	声音工程师	1
网络安全分析师	0	it安全工程师	1
网络安全分析师	0	网络基础设施工程师	1
网络安全分析师	0	网络架构师	1
网络安全分析师	0	voip网络工程师	1
网络安全分析师	0	网络支持分析师	1
网络安全分析师	0	网络顾问	1
网络安全分析师	0	系统网络管理员	1
网络安全分析师	0	局域网管理员	1
网络安全分析师	0	网络支持工程师	1
网络安全分析师	0	网络系统工程师	1
网络安全分析师	0	首席安全工程师	1
网络安全分析师	0	网络分析师	1
网络安全分析师	0	安全管理员	1
网络安全分析师	0	网络干事	1
网络安全分析师	0	网络安全工程师	1
网络安全分析师	0	网络安全顾问	1
网络安全分析师	0	信息安全工程师	1
网络安全分析师	0	安全工程师	1
网络安全分析师	0	it安全管理员	1
网络安全分析师	0	信息安全管理员	1
网络安全分析师	0	网络安全专员	1
网络安全分析师	0	it安全分析师	1
网络安全分析师	0	网络集成商	1
网络安全分析师	0	网络管理员	1
网络安全分析师	0	网络安全管理员	1
网络安全分析师	0	数据网络顾问	1
网络安全分析师	0	网络工程师	1
网络安全分析师	0	系统分析师	1
网络安全分析师	0	防火墙工程师	1
网络安全分析师	0	it顾问	1
网络安全分析师	0	it专员	1
网络安全分析师	0	实施工程师	1
网络安全分析师	0	技术支持工程师	1
网络安全分析师	0	系统工程师	1
网络安全分析师	0	网络设计工程师	1
网络安全分析师	0	系统管理员	1
网络安全分析师	0	网络技术员	1
网络安全分析师	0	信息保障干事	1
网络安全分析师	0	voip工程师	1
网络安全分析师	0	计算机网络工程师	1
网络安全分析师	0	系统支持工程师	1
网络安全分析师	0	计算机网络专员	1
网络工程师	0	网络工程经理	1
网络工程师	0	网络专员	1
网络工程师	0	无线网络工程师	1
网络工程师	0	网络架构师	1
网络工程师	0	网络顾问	1
网络工程师	0	网络安全工程师	1
网络工程师	0	网络供应者	1
网络工程师	0	企业网络工程师	1
网络工程师	0	数据安全管理员	1
网络工程师	0	网络设计工程师	1
网络工程师	0	网络工程顾问	1
网络工程师	0	网络集成商	1
网络工程师	0	网络系统工程师	1
网络工程师	0	网络运营工程师	1
网络工程师	0	网络基础设施经理	1
网络工程师	0	网络设计师	1
网络工程师	0	电信干事	1
网络工程师	0	数据网络工程师	1
网络工程师	0	网络运营中心分析师	1
网络工程师	0	网络运营中心总监	1
网络工程师	0	网络运营中心团队负责人	1
网络工程师	0	网络设计顾问	1
网络工程师	0	网络安全分析师	1
网络工程师	0	电信部主管	1
网络工程师	0	现场运营技术员	1
网络工程师	0	数据中心管理员	1
网络工程师	0	企业工程师	1
网络工程师	0	技术支持专家	1
网络工程师	0	电信主管	1
网络工程师	0	无线技术员	1
网络工程师	0	网络运营总监	1
网络工程师	0	网络运营经理	1
网络工程师	0	区域系统工程师	1
网络工程师	0	网络运营中心操作员	1
网络工程师	0	it系统工程师	1
网络工程师	0	网络支持技术员	1
网络工程师	0	网络控制技术员	1
网络工程师	0	网络运营主管	1
网络工程师	0	内部技术支持工程师	1
网络工程师	0	技术支持	1
网络工程师	0	知识产权工程师	1
网络工程师	0	互联网管理员	1
翻译	0	语言学家	1
翻译	0	翻译协调员	1
翻译	0	西班牙语翻译	1
翻译	0	内部翻译	1
翻译	0	日语翻译	1
翻译	0	本地化专员	1
翻译	0	英语翻译	1
翻译	0	语言顾问	1
翻译	0	技术翻译	1
翻译	0	俄语语言学家	1
翻译	0	本地化项目经理	1
翻译	0	英语与外语教师	1
翻译	0	意大利语教师	1
翻译	0	西班牙语家庭教师	1
翻译	0	英语语言教师	1
股票交易员	0	衍生品交易员	1
股票交易员	0	自营交易员	1
股票交易员	0	股票交易员	1
股票交易员	0	股票衍生品交易员	1
股票交易员	0	股票期权交易员	1
股票交易员	0	期货交易员	1
股票交易员	0	机构销售副总裁	1
股票交易员	0	股票研究主管	1
股票交易员	0	专有股票交易员	1
股票交易员	0	机构股票销售副总裁	1
股票交易员	0	期权交易员	1
股票交易员	0	市场数据分析师	1
股票交易员	0	销售与贸易主管	1
股票交易员	0	贸易助理	1
股票交易员	0	首席交易员	1
股票交易员	0	股票衍生品经纪人	1
股票交易员	0	市场风险经理	1
股票交易员	0	固定收益专员	1
股票交易员	0	股票销售交易员	1
股票交易员	0	衍生品经纪人	1
股票交易员	0	交易员	1
股票交易员	0	衍生品专员	1
股票交易员	0	固定收益交易员	1
股票交易员	0	贸易总监	1
股票交易员	0	机构销售交易员	1
股票交易员	0	期货经纪人	1
股票交易员	0	股票战略家	1
股票交易员	0	股票销售	1
股票交易员	0	股票衍生品销售	1
股票交易员	0	销售交易员	1
股票交易员	0	楼层经纪人	1
股票交易员	0	货币交易员	1
自动化工程师	0	测试自动化顾问	1
自动化工程师	0	应用程序测试员	1
自动化工程师	0	控制系统专员	1
自动化工程师	0	自动化开发人员	1
自动化工程师	0	控制系统设计师	1
自动化工程师	0	自动化专员	1
自动化工程师	0	技术测试负责人	1
自动化工程师	0	控制系统工程师	1
自动化工程师	0	测试中的软件开发工程师	1
自动化工程师	0	测试自动化专员	1
自动化工程师	0	自动化顾问	1
自动化工程师	0	自动化技术员	1
自动化工程师	0	自动化团队负责人	1
自动化工程师	0	自动化系统工程师	1
自动化工程师	0	测试工程师	1
自动化工程师	0	自动化测试分析师	1
自动化工程师	0	工艺自动化工程师	1
自动化工程师	0	工艺控制工程师	1
自动化工程师	0	质量保证自动化工程师	1
自动化工程师	0	自动化协调员	1
舞者	0	首席舞者	1
舞者	0	编舞	1
舞者	0	专业舞者	1
舞者	0	舞蹈教师	1
舞者	0	艺术总监	1
舞者	0	戏剧教师	1
航空航天工程师	0	航天器工程师	1
航空航天工程师	0	维修工程师	1
航空航天工程师	0	认证工程师	1
航空航天工程师	0	推进器工程师	1
航空航天工程师	0	航空工程师	1
航空航天工程师	0	飞行测试工程师	1
航空航天工程师	0	空气动力学工程师	1
药剂师	0	药学常驻医师	1
药剂师	0	药房主管	1
药剂师	0	注册药房技术员	1
药剂师	0	临床药剂师	1
药剂师	0	药房运营经理	1
药剂师	0	生产药剂师	1
药剂师	0	临床药学专员	1
药剂师	0	临床药学经理	1
药剂师	0	法规事务药剂师	1
药剂师	0	临床药学人员	1
药剂师	0	药学部助理主任	1
视频编辑	0	后期制作助理	1
视频编辑	0	后期制作实习生	1
视频编辑	0	电影制片人	1
视频编辑	0	制作人	1
视频编辑	0	媒体技术员	1
视频编辑	0	执行制片人	1
视频编辑	0	后期制作总监	1
视频编辑	0	呼叫中心助理	1
视频编辑	0	后期制作协调员	1
视频编辑	0	后期制作经理	1
视频编辑	0	第一助理总监	1
视频编辑	0	电影导演	1
视频编辑	0	摄影师	1
视频编辑	0	后期制作主管	1
视频编辑	0	视频制作经理	1
视频编辑	0	媒体服务总监	1
视频编辑	0	摄影总监	1
视频编辑	0	视频制作人	1
视频编辑	0	电影编辑	1
视频编辑	0	媒体制作专员	1
视频编辑	0	视频制作专员	1
视频编辑	0	数字媒体制作人	1
视频编辑	0	电影与视频编辑	1
视频编辑	0	助理编辑	1
视频编辑	0	视频制作总监	1
视频编辑	0	后期制作人	1
视频编辑	0	创意服务制作人	1
视频编辑	0	avid编辑	1
视频编辑	0	摄像师	1
视频编辑	0	后期制作编辑	1
视频编辑	0	助理视频编辑	1
视频编辑	0	多媒体制作人	1
视频编辑	0	视觉效果艺术家	1
警探	0	警察督察	1
警探	0	州警官	1
警探	0	骑兵	1
警探	0	维和警官	1
警探	0	欺诈调查员	1
警探	0	助理警察局长	1
警探	0	警察中队长	1
警探	0	警察局副局长	1
警探	0	警长	1
警探	0	副经理	1
警探	0	巡逻警长	1
警探	0	首席调查员	1
警探	0	预备役警官	1
警探	0	警察局长	1
警探	0	警员	1
警探	0	警察队长	1
警探	0	中士	1
警探	0	警察	1
警探	0	警官	1
警探	0	中尉	1
警探	0	副警长	1
警探	0	特别调查员	1
警探	0	私人调查员	1
训犬师	0	遛狗人	1
训犬师	0	动物护理技术员	1
训犬师	0	动物护理助理	1
训犬师	0	犬舍助理	1
调解员	0	庭审律师	1
调解员	0	听证会官员	1
调解员	0	律师	1
调解员	0	庭审顾问	1
调解员	0	助理律师	1
调解员	0	主管股东	1
调解员	0	行政法法官	1
调解员	0	地区法官	1
调解员	0	宣传员	1
调解员	0	法律事务员	1
调解员	0	权益合伙人	1
调解员	0	法律从业者	1
调解员	0	法官	1
调解员	0	理赔顾问	1
调解员	0	主管律师	1
调解员	0	法院律师	1
调解员	0	诉讼顾问	1
调解员	0	诉讼部总监	1
调解员	0	诉讼合伙人	1
调解员	0	诉讼助理	1
调解员	0	合同制律师	1
调解员	0	助理检察长	1
调解员	0	家庭法律师	1
调解员	0	劳动与就业律师	1
调解员	0	仲裁人	1
调解员	0	首席律师	1
调解员	0	特别顾问	1
调解员	0	诉讼专员	1
贷款干事	0	持证抵押贷款经纪人	1
贷款干事	0	抵押贷款助理	1
贷款干事	0	房屋抵押贷款顾问	1
贷款干事	0	贷款处理员	1
贷款干事	0	抵押贷款销售经理	1
贷款干事	0	贷款员	1
贷款干事	0	抵押贷款副总裁	1
贷款干事	0	首席借贷官	1
贷款干事	0	注册抵押贷款规划师	1
贷款干事	0	住宅贷款副总裁	1
贷款干事	0	二级营销经理	1
贷款干事	0	分公司经理	1
贷款干事	0	金融经纪人	1
贷款干事	0	贷款部总监	1
贷款干事	0	认证抵押贷款规划专员	1
贷款干事	0	抵押贷款结案员	1
贷款干事	0	销售经理	1
贷款干事	0	客贷核保员	1
贷款干事	0	抵押贷款干事	1
贷款干事	0	抵押贷款核保员	1
贷款干事	0	抵押贷款经纪人	1
贷款干事	0	结案主管	1
贷款干事	0	贷款专员	1
贷款干事	0	抵押贷款协调员	1
贷款干事	0	贷款协调员	1
贷款干事	0	抵押贷款专员	1
贷款干事	0	抵押贷款银行家	1
贷款干事	0	房屋贷款顾问	1
贷款干事	0	抵押贷款发放员	1
贷款干事	0	居民贷款干事	1
贷款干事	0	贷款代表	1
贷款干事	0	抵押贷款人	1
贷款干事	0	房地产贷款干事	1
贷款干事	0	贷款结案员	1
贷款干事	0	私人抵押贷款银行家	1
贷款干事	0	房屋贷款专员	1
贷款干事	0	抵押贷款代理	1
贷款干事	0	结案专员	1
贸易营销分析师	0	贸易营销协调员	1
贸易营销分析师	0	贸易营销主管	1
贸易营销分析师	0	贸易营销助理	1
贸易营销分析师	0	市场分析师	1
贸易营销分析师	0	商业代理人	1
贸易营销分析师	0	商务主管	1
贸易营销分析师	0	商业协调员	1
贸易营销分析师	0	新业务专员	1
贸易营销分析师	0	战略规划分析师	1
贸易营销分析师	0	商业分析师	1
贸易营销分析师	0	贸易专员	1
贸易营销分析师	0	市场情报分析师	1
进出口专员	0	区域出口经理	1
进出口专员	0	国际贸易专员	1
进出口专员	0	出口销售主管	1
进出口专员	0	出口地区经理	1
进出口专员	0	出口经理	1
进出口专员	0	出口干事	1
进出口专员	0	出口销售代表	1
进出口专员	0	进出主管	1
进出口专员	0	进口协调员	1
进出口专员	0	进口分析师	1
进出口专员	0	物流代理人	1
进出口专员	0	进出口分析师	1
进出口专员	0	进口事务员	1
进出口专员	0	进出口经理	1
进出口专员	0	进口部门	1
进出口专员	0	进出口主管	1
进出口专员	0	进口专员	1
进出口专员	0	进出口助理	1
进出口专员	0	住口专员	1
进出口专员	0	进出口协调员	1
进出口专员	0	进口经理	1
送信员	0	农村运营商	1
送信员	0	农村运营商助理	1
送信员	0	城市送信员	1
送信员	0	邮政局长	1
送信员	0	邮件处理员	1
酒保	0	助理酒吧经理	1
酒保	0	餐厅和酒吧经理	1
酒保	0	餐饮部总监	1
酒保	0	咖啡厅经理	1
酒保	0	前厅经理	1
酒保	0	宴席主管	1
酒保	0	酒吧主管	1
酒保	0	酒吧经理	1
酒保	0	餐厅主管	1
酒保	0	餐厅服务员	1
酒保	0	酒吧服务员	1
酒保	0	宴席负责人	1
酒保	0	服务员	1
酒保	0	鸡尾酒会女服务员	1
酒保	0	餐饮实习生	1
酒保	0	鸡尾酒会服务员	1
酒保	0	宴席服务员	1
酒保	0	服务员主管	1
酒保	0	首席调酒师	1
酒保	0	送餐员	1
酒保	0	助理经理	1
酒保	0	宴席协调员	1
酒保	0	助理餐饮经理	1
酒保	0	宾客关系协调员	1
酒保	0	酒吧调酒师	1
酒保	0	酒店协调员	1
酒保	0	宾客服务代表	1
酒保	0	酒吧男招待	1
酒保	0	宾客服务协调员	1
酒席承办商	0	私人厨师	1
酒席承办商	0	厨师长	1
酒席承办商	0	企业行政总厨	1
酒席承办商	0	主厨	1
酒席承办商	0	烘焙师	1
酒席承办商	0	宴席主管	1
酒席承办商	0	食品服务经理	1
酒席承办商	0	烹饪教师	1
酒席承办商	0	烹饪导师	1
酒席承办商	0	助理主厨	1
酒席承办商	0	私人主厨	1
酒席承办商	0	餐饮活动经理	1
酒席承办商	0	企业主厨	1
酒席承办商	0	行政总厨	1
酒席承办商	0	行政副总厨	1
酒席承办商	0	宴席主厨	1
酒席承办商	0	餐饮主厨	1
酒席承办商	0	厨房主管	1
酒席承办商	0	助理厨师	1
酒席承办商	0	宴席负责人	1
酒席承办商	0	餐饮主管	1
酒席承办商	0	厨师	1
酒席承办商	0	餐厅主厨	1
酒席承办商	0	副主厨	1
酒席承办商	0	行政糕点师	1
针灸师	0	草药师	1
针灸师	0	持证针灸师	1
钻探工程师	0	现场服务协调员	1
钻探工程师	0	钻井工	1
钻探工程师	0	竣工验收工程师	1
钻探工程师	0	钻探监理	1
钻探工程师	0	井口工程师	1
钻探工程师	0	线路现场工程师	1
钻探工程师	0	钻探经理	1
钻探工程师	0	钻探主管	1
钻探工程师	0	现场工程师	1
钻探工程师	0	现场工程经理	1
钻探工程师	0	现场总工程师	1
钻探工程师	0	石油工程师	1
钻探工程师	0	钻探顾问	1
银行家	0	私人银行助理	1
银行家	0	信贷干事	1
银行家	0	信用专员	1
银行家	0	私人银行经理	1
银行家	0	私人银行顾问	1
银行家	0	助理银行经理	1
银行家	0	分公司运营主管	1
银行家	0	银行员工	1
银行家	0	地区藏品经理	1
银行家	0	信用主管	1
银行家	0	商业银行关系经理	1
银行家	0	私人银行代表	1
银行家	0	环球银行家	1
银行家	0	助理私人银行家	1
银行家	0	首选银行家	1
银行家	0	助理关系经理	1
银行家	0	商业贷款助理	1
银行家	0	银行经理	1
银行家	0	关系主管	1
银行家	0	企业财务部主管	1
银行家	0	项目融资主管	1
银行家	0	企业银行业务总监	1
银行家	0	副总裁	1
银行家	0	结构融资总监	1
银行家	0	结构融资主管	1
银行家	0	房屋贷款专员	1
银行家	0	企业银行业务主管	1
银行家	0	首席风险官	1
银行家	0	业务发展部助理副总裁	1
银行家	0	外汇经理	1
银行家	0	零售市场经理	1
银行家	0	投资银行分析师	1
银行家	0	私人银行业务主管	1
银行家	0	金融机构负责人	1
银行家	0	私人银行干事	1
银行家	0	资产负债经理	1
银行家	0	关系干事	1
银行家	0	关系银行家	1
银行家	0	助理副总裁	1
银行家	0	贷款专员	1
银行家	0	关系经理	1
银行家	0	私人银行关系经理	1
银行家	0	商业银行专员	1
银行家	0	私人客户经理	1
银行家	0	投资银行助理	1
银行家	0	信贷管理干事	1
银行家	0	首席信贷官	1
银行家	0	银行职员	1
银行家	0	客户关系经理	1
银行家	0	财务助理	1
飞行员	0	飞行指导员	1
飞行员	0	机长	1
飞行员	0	合同制飞行员	1
飞行员	0	航线飞行员	1
飞行员	0	商业飞行员	1
飞行员	0	副驾驶员	1
飞行员	0	首席飞行员	1
飞行员	0	企业飞行员	1
飞行员	0	基地经理	1
飞行员	0	飞行操作经理	1
飞行员	0	空军士兵	1
飞行员	0	飞行业务总监	1
飞行员	0	飞行教官	1
飞行员	0	首席飞行教官	1
飞行员	0	助理首席飞行员	1
食品技术专家	0	食品工程师	1
食品技术专家	0	调味师	1
食品技术专家	0	食品科学家	1
食品技术专家	0	开发技术专家	1
食品技术专家	0	食品安全经理	1
食品技术专家	0	应用程序技术专家	1
食品技术专家	0	质量保证技术专家	1
食品技术专家	0	研究与发展技术专家	1
食品技术专家	0	工艺技术专家	1
麻醉师	0	重症医生	1
麻醉师	0	内部麻醉师	1
麻醉师	0	医学系助理教授	1
麻醉师	0	心脏病学研究员	1
麻醉师	0	驻地	1
麻醉师	0	麻醉技术员	1
麻醉师	0	麻醉科住院医生	1
麻醉师	0	内科住院医生	1
