3D_애니메이터	0	캐릭터_테크니컬_디렉터	1
3D_애니메이터	0	캐릭터_리거	1
3D_애니메이터	0	플래시_애니메이터	1
3D_애니메이터	0	애니메이션_리드	1
3D_애니메이터	0	캐릭터_디자이너	1
3D_애니메이터	0	3D_제너럴리스트	1
3D_애니메이터	0	애니메이터	1
3D_애니메이터	0	애니메이션_아티스트	1
3D_애니메이터	0	애니메이션_강사	1
3D_애니메이터	0	캐릭터_애니메이터	1
3D_애니메이터	0	애니메이션_감독	1
3D_애니메이터	0	보조_애니메이터	1
3D_애니메이터	0	컴퓨터_애니메이터	1
3D_애니메이터	0	게임_아티스트	1
3D_애니메이터	0	애니메이션_인턴	1
3D_애니메이터	0	테크니컬_애니메이터	1
3D_애니메이터	0	비주얼_개발_아티스트	1
3D_애니메이터	0	3D_캐릭터_애니메이터	1
iOS_개발자	0	모바일_애플리케이션_개발자	1
iOS_개발자	0	iOS_앱_개발자	1
iOS_개발자	0	안드로이드_개발자	1
iOS_개발자	0	모바일_엔지니어	1
가수	0	밴드_디렉터	1
가수	0	음반_가수	1
가수	0	음악감독	1
가수	0	음악_인턴	1
가수	0	음악_강사	1
가수	0	공연_예술가	1
가수	0	가수	1
가수	0	음악_전문가	1
가수	0	밴드_매니저	1
가수	0	전문_가수	1
가수	0	밴드_멤버	1
가수	0	음악가	1
가수	0	음악_프로듀서	1
가수	0	작곡가	1
가수	0	반주자	1
가수	0	보컬_코치	1
가수	0	게스트_아티스트	1
가수	0	연예인	1
간호사	0	간호사_숙련자	1
간호사	0	소아과_전문의	1
간호사	0	간호_강사	1
간호사	0	간호사	1
간호사	0	임상_강사	1
간호사	0	임상_연락	1
간호사	0	의사_보조	1
간호사	0	여행_간호사	1
간호사	0	간호사_연락	1
간호사	0	집_감독관	1
간호사	0	성인_전문_간호사	1
간호사	0	직원_간호사	1
간호사	0	자격증을_갖춘_실무_간호사	1
간호사	0	공중_보건_간호사	1
간호사	0	지역_간호사	1
간호사	0	직업_보건_간호사	1
간호사	0	학교_간호사	1
간호사	0	가정_건강_간호사	1
간호사	0	고급_실무_간호사	1
간호사	0	의료_보조원	1
간호사	0	간호부_부국장	1
간호사	0	집중_치료_간호사	1
개_조련사	0	개_보행기	1
개_조련사	0	동물_보호_동료	1
개_조련사	0	개집_조수	1
개_조련사	0	동물_관리_기술자	1
개인_피트니스_트레이너	0	크로스핏_강사	1
개인_피트니스_트레이너	0	개인_트레이닝_디렉터	1
개인_피트니스_트레이너	0	그룹_피트니스_강사	1
개인_피트니스_트레이너	0	피트니스_컨설턴트	1
개인_피트니스_트레이너	0	실내_사이클링_강사	1
개인_피트니스_트레이너	0	피트니스_디렉터	1
개인_피트니스_트레이너	0	피트니스_매니저	1
개인_피트니스_트레이너	0	개인_트레이너	1
개인_피트니스_트레이너	0	피트니스_전문가	1
개인_피트니스_트레이너	0	헬스_트레이너	1
개인_피트니스_트레이너	0	건강_및_피트니스_전문가	1
개인_피트니스_트레이너	0	개인_트레이닝_매니저	1
개인_피트니스_트레이너	0	공인_개인_트레이너	1
개인_피트니스_트레이너	0	피트니스_코디네이터	1
개인_피트니스_트레이너	0	피트니스_코치	1
개인_피트니스_트레이너	0	부트캠프_강사	1
갤러리_디렉터	0	아트_핸들러	1
갤러리_디렉터	0	관리자	1
갤러리_디렉터	0	미술_교수	1
갤러리_디렉터	0	미술상	1
갤러리_디렉터	0	수석_큐레이터	1
갤러리_디렉터	0	미술_전문가	1
갤러리_디렉터	0	미술_평론가	1
갤러리_디렉터	0	전시_큐레이터	1
갤러리_디렉터	0	갤러리_준회원	1
갤러리_디렉터	0	갤러리_코디네이터	1
갤러리_디렉터	0	미술_컨설턴트	1
갤러리_디렉터	0	갤러리_어시스턴트	1
갤러리_디렉터	0	갤러리_매니저	1
경찰_탐정	0	경찰_상사	1
경찰_탐정	0	경관	1
경찰_탐정	0	경찰_순경	1
경찰_탐정	0	중사	1
경찰_탐정	0	특별_수사관	1
경찰_탐정	0	부보안관	1
경찰_탐정	0	대장_보좌	1
경찰_탐정	0	경찰_대장	1
경찰_탐정	0	경찰관	1
경찰_탐정	0	사립_탐정	1
경찰_탐정	0	차장	1
경찰_탐정	0	수석_조사관	1
경찰_탐정	0	평화_장교	1
경찰_탐정	0	경찰_조사관	1
경찰_탐정	0	경찰서장	1
경찰_탐정	0	경찰_부국장	1
경찰_탐정	0	경찰_중위	1
경찰_탐정	0	예비_경찰관	1
경찰_탐정	0	경찰차장	1
경찰_탐정	0	순경	1
경찰_탐정	0	순찰_상사	1
경찰_탐정	0	주_장관	1
경찰_탐정	0	기병	1
경찰_탐정	0	주_기병	1
경찰_탐정	0	사기_조사관	1
그래픽_디자이너	0	디지털_디자이너	1
그래픽_디자이너	0	출판물_디자이너	1
그래픽_디자이너	0	창의적인_인턴	1
그래픽_디자이너	0	광고_디자이너	1
그래픽_디자이너	0	창의적인_프로젝트_매니저	1
그래픽_디자이너	0	수석_그래픽_디자이너	1
그래픽_디자이너	0	브랜드_디자이너	1
그래픽_디자이너	0	크리에이티브_매니저	1
그래픽_디자이너	0	커뮤니케이션_디자이너	1
그래픽_디자이너	0	크리에이티브_서비스_감독자	1
그래픽_디자이너	0	브랜드_디자인_매니저	1
그래픽_디자이너	0	데스크톱_출판사	1
그래픽_디자이너	0	시각화_장치	1
그래픽_디자이너	0	데스크탑_출판_운영자	1
그래픽_디자이너	0	디자이너	1
그래픽_디자이너	0	그래픽_서비스_관리자	1
그래픽_디자이너	0	창의적인_예술가	1
그래픽_디자이너	0	그래픽_디자인_어시스턴트	1
그래픽_디자이너	0	그래픽_디자인_감독	1
그래픽_디자이너	0	그래픽_디자인_학생	1
그래픽_디자이너	0	그래픽_디자인_아티스트	1
그래픽_디자이너	0	그래픽_디자인_강사	1
그래픽_디자이너	0	그래픽_디자인_코디네이터	1
그래픽_디자이너	0	그래픽_디자인_매니저	1
그래픽_디자이너	0	그래픽_아티스트	1
그래픽_디자이너	0	크리에이티브_디자인_매니저	1
그래픽_디자이너	0	크리에이티브_서비스_인턴	1
그래픽_디자이너	0	그래픽_전문가	1
그래픽_디자이너	0	그래픽_프로덕션_아티스트	1
그래픽_디자이너	0	그래픽_디자인_선생님	1
그래픽_디자이너	0	창의적인_그래픽_디자이너	1
그래픽_디자이너	0	그래픽_디자인_컨설턴트	1
그래픽_디자이너	0	그래픽_디자인_인턴	1
그래픽_디자이너	0	그래픽_기술자	1
그래픽_디자이너	0	웹_및_그래픽_디자이너	1
그래픽_디자이너	0	디지털_미디어_디자이너	1
그래픽_디자이너	0	기술_디자이너	1
기계_엔지니어	0	설계_엔지니어	1
기계_엔지니어	0	프로젝트_엔지니어	1
기계_엔지니어	0	보조_디자인_엔지니어	1
기계_엔지니어	0	기계_제도사	1
기계_엔지니어	0	공정_기계_엔지니어	1
기계_엔지니어	0	기계_설계_엔지니어	1
기계_엔지니어	0	디자인_엔지니어	1
기계_엔지니어	0	기계_개발_엔지니어	1
기계_엔지니어	0	기계_공학_컨설턴트	1
기계_엔지니어	0	기계_디자이너	1
기계_엔지니어	0	엔지니어링_디자이너	1
기계_엔지니어	0	기계_전문가	1
기계_엔지니어	0	제조_설계_엔지니어	1
기계_엔지니어	0	제품_디자인_및_개발_엔지니어	1
기계_엔지니어	0	보조_기계_엔지니어	1
기계_엔지니어	0	기계_설계_관리자	1
기계_엔지니어	0	기계_프로젝트_엔지니어	1
기계_엔지니어	0	기계공학_인턴	1
기계_엔지니어	0	수석_기계_엔지니어	1
기계_엔지니어	0	기계_시스템_엔지니어	1
기계_엔지니어	0	설계_및_개발_엔지니어	1
기계_엔지니어	0	기계_공학_기술자	1
기계_엔지니어	0	디자인_엔지니어링_인턴	1
기계_엔지니어	0	대학원_기계공학자	1
기계_엔지니어	0	패키지_엔지니어	1
기계_엔지니어	0	계약_기계_엔지니어	1
기록관	0	미디어_사서	1
기록관	0	컬렉션_사무원	1
기록관	0	컬렉션_동료	1
기록관	0	연구_사서	1
기록관	0	컬렉션_디렉터	1
기록관	0	컬렉션_인턴	1
기록관	0	공공_서비스_사서	1
기록관	0	수석_사서	1
기록관	0	목록_작성자	1
기록관	0	기록_보관소_기술자	1
기록관	0	기업_사서	1
기록관	0	프로젝트_기록관	1
기록관	0	대학_사서	1
기록관	0	아카이브_어시스턴트	1
기록관	0	아카이브_인턴	1
기록관	0	보조_기록관	1
기록관	0	사서	1
기술_지원_담당자	0	헬프_데스크_감독자	1
기술_지원_담당자	0	기술_지원_직원	1
기술_지원_담당자	0	고객_지원_기술자	1
기술_지원_담당자	0	기술_지원_코디네이터	1
기술_지원_담당자	0	클라이언트_지원_기술자	1
기술_지원_담당자	0	헬프데스크_분석가	1
기술_지원_담당자	0	소프트웨어_지원_분석가	1
기술_지원_담당자	0	헬프_데스크_관리자	1
기술_지원_담당자	0	헬프데스크_지원_기술자	1
기술_지원_담당자	0	구성_기술자	1
기술_지원_담당자	0	사용자_지원_기술자	1
기술_지원_담당자	0	소프트웨어_지원_기술자	1
기술_지원_담당자	0	데스크탑_지원	1
기술_지원_담당자	0	헬프_데스크_엔지니어	1
기술_지원_담당자	0	IT_현장_기술자	1
기술_지원_담당자	0	2차_지원_분석가	1
기술_지원_담당자	0	컴퓨터_기술자	1
기술_지원_담당자	0	헬프_데스크_기술자	1
기술_지원_담당자	0	IT_기술자	1
기술_지원_담당자	0	기술_지원_기술자	1
기술_지원_담당자	0	사용자_지원_전문가	1
기술_지원_담당자	0	헬프데스크_지원_분석가	1
기술_지원_담당자	0	현장_지원_분석가	1
기술_지원_담당자	0	IT_지원_기술자	1
기술_지원_담당자	0	제품_지원_기술자	1
기술_지원_담당자	0	데스크탑_지원_기술자	1
기술_지원_담당자	0	고객_지원_전문가	1
기술_지원_담당자	0	클라이언트_지원_분석가	1
기술_지원_담당자	0	현장_지원_기술자	1
기술_지원_담당자	0	고객_지원_분석가	1
기술_지원_담당자	0	서비스_데스크_팀_리더	1
기술_지원_담당자	0	데스크사이드_지원_기술자	1
기술_지원_담당자	0	서비스_지원_전문가	1
기술_지원_담당자	0	현장_기술자	1
기술_지원_담당자	0	기술_지원_감독자	1
기술_지원_담당자	0	기술_지원_분석가	1
기술_지원_담당자	0	컴퓨터_지원_분석가	1
기술_지원_담당자	0	헬프_데스크_코디네이터	1
기술_지원_담당자	0	기술_고객_지원_담당자	1
기술_지원_담당자	0	컴퓨터_지원_기술자	1
기술_지원_담당자	0	지원_센터_분석가	1
기술_채용_담당자	0	인력_컨설턴트	1
기술_채용_담당자	0	의료_모집자	1
기술_채용_담당자	0	HR_채용_보조원	1
기술_채용_담당자	0	IT_기술_채용_담당자	1
기술_채용_담당자	0	채용_계정_관리자	1
기술_채용_담당자	0	채용_운영_관리자	1
기술_채용_담당자	0	인재_확보_관리자	1
기술_채용_담당자	0	인력_배치	1
기술_채용_담당자	0	훈련_및_배치_담당관	1
기술_채용_담당자	0	인재_확보_부문_부사장	1
기술_채용_담당자	0	인력_전문가	1
기술_채용_담당자	0	인사담당자	1
기술_채용_담당자	0	그룹_인사담당자	1
기술_채용_담당자	0	인적_자본_이사	1
기술_채용_담당자	0	HR_직원	1
기술_채용_담당자	0	HR_정보_시스템_분석가	1
기술_채용_담당자	0	채용_감독관	1
기술_채용_담당자	0	인력_관리자	1
기술_채용_담당자	0	임원_채용_담당자	1
기술_채용_담당자	0	IT_채용_담당자	1
기술_채용_담당자	0	채용_담당자	1
기술_채용_담당자	0	기술_채용_담당자	1
기술_채용_담당자	0	주요_채용_담당자	1
기술_채용_담당자	0	임원_검색_컨설턴트	1
기술_채용_담당자	0	내부_채용_담당자	1
기술_채용_담당자	0	계약_채용_담당자	1
기술_채용_담당자	0	전국_채용_담당자	1
기술_채용_담당자	0	기술_채용_관리자	1
기술_채용_담당자	0	모집자	1
기술_채용_담당자	0	인재_확보_전문가	1
기술_채용_담당자	0	인재_확보_채용_담당자	1
기술_채용_담당자	0	채용_담당_부사장	1
기술_채용_담당자	0	컨설턴트_모집	1
기술_채용_담당자	0	채용_관리자	1
기술_채용_담당자	0	IT_채용_컨설턴트	1
기술_채용_담당자	0	모집팀장	1
기술_채용_담당자	0	계정_모집_관리자	1
기술_채용_담당자	0	판매_모집자	1
기술_채용_담당자	0	엔지니어링_채용_담당자	1
기술_채용_담당자	0	HR_채용_담당자	1
기술_채용_담당자	0	공급원	1
기술_채용_담당자	0	임원_자원	1
기술_채용_담당자	0	검색_컨설턴트	1
기술_채용_담당자	0	HR_책임자	1
기술_채용_담당자	0	HR_그룹장	1
기술_채용_담당자	0	배치_컨설턴트	1
네트워크_보안_분석가	0	네트워크_책임자	1
네트워크_보안_분석가	0	IT_보안_엔지니어	1
네트워크_보안_분석가	0	네트워크_보안_엔지니어	1
네트워크_보안_분석가	0	네트워크_보안_컨설턴트	1
네트워크_보안_분석가	0	정보_보안_엔지니어	1
네트워크_보안_분석가	0	보안_엔지니어	1
네트워크_보안_분석가	0	IT_보안_관리자	1
네트워크_보안_분석가	0	정보_보안_관리자	1
네트워크_보안_분석가	0	컴퓨터_네트워크_전문가	1
네트워크_보안_분석가	0	네트워크_보안_관리자	1
네트워크_보안_분석가	0	IT_보안_분석가	1
네트워크_보안_분석가	0	기술_지원_엔지니어	1
네트워크_보안_분석가	0	구현_엔지니어	1
네트워크_보안_분석가	0	IT_전문가	1
네트워크_보안_분석가	0	시스템_엔지니어	1
네트워크_보안_분석가	0	IT_컨설턴트	1
네트워크_보안_분석가	0	방화벽_엔지니어	1
네트워크_보안_분석가	0	네트워크_보안_전문가	1
네트워크_보안_분석가	0	보안_관리자	1
네트워크_보안_분석가	0	시스템_분석가	1
네트워크_보안_분석가	0	수석_보안_엔지니어	1
네트워크_보안_분석가	0	네트워크_분석가	1
네트워크_보안_분석가	0	시스템_관리자	1
네트워크_보안_분석가	0	네트워크_기술자	1
네트워크_보안_분석가	0	정보보증_담당자	1
네트워크_보안_분석가	0	VoIP_엔지니어	1
네트워크_보안_분석가	0	컴퓨터_네트워크_엔지니어	1
네트워크_보안_분석가	0	시스템_지원_엔지니어	1
네트워크_보안_분석가	0	데이터_네트워크_컨설턴트	1
네트워크_보안_분석가	0	음성_엔지니어	1
네트워크_보안_분석가	0	네트워크_엔지니어	1
네트워크_보안_분석가	0	네트워크_설계_엔지니어	1
네트워크_보안_분석가	0	네트워크_통합업체	1
네트워크_보안_분석가	0	네트워크_인프라_엔지니어	1
네트워크_보안_분석가	0	네트워크_설계자	1
네트워크_보안_분석가	0	VoIP_네트워크_엔지니어	1
네트워크_보안_분석가	0	네트워크_지원_분석가	1
네트워크_보안_분석가	0	네트워크_컨설턴트	1
네트워크_보안_분석가	0	시스템_네트워크_관리자	1
네트워크_보안_분석가	0	근거리_통신망_관리자	1
네트워크_보안_분석가	0	네트워크_지원_엔지니어	1
네트워크_보안_분석가	0	네트워크_시스템_엔지니어	1
네트워크_보안_분석가	0	네트워크_관리자	1
네트워크_엔지니어	0	엔터프라이즈_엔지니어	1
네트워크_엔지니어	0	데이터센터_관리자	1
네트워크_엔지니어	0	네트워크운영센터장	1
네트워크_엔지니어	0	관리자_네트워크_운영	1
네트워크_엔지니어	0	지역_시스템_엔지니어	1
네트워크_엔지니어	0	기술_지원_전문가	1
네트워크_엔지니어	0	네트워크_설계_컨설턴트	1
네트워크_엔지니어	0	통신_감독관	1
네트워크_엔지니어	0	네트워크_보안_분석가	1
네트워크_엔지니어	0	네트워크_운영_이사	1
네트워크_엔지니어	0	기술적_지원	1
네트워크_엔지니어	0	네트워크_운영_센터_운영자	1
네트워크_엔지니어	0	데이터_보안_관리자	1
네트워크_엔지니어	0	네트워크_디자이너	1
네트워크_엔지니어	0	통신_담당관	1
네트워크_엔지니어	0	인터넷_관리자	1
네트워크_엔지니어	0	지적_재산_엔지니어	1
네트워크_엔지니어	0	현장_운영_기술자	1
네트워크_엔지니어	0	무선_기술자	1
네트워크_엔지니어	0	IT_시스템_엔지니어	1
네트워크_엔지니어	0	직원_기술_지원_엔지니어	1
네트워크_엔지니어	0	네트워크_제어_기술자	1
네트워크_엔지니어	0	통신_책임자	1
네트워크_엔지니어	0	네트워크_운영_엔지니어	1
네트워크_엔지니어	0	네트워크_시스템_엔지니어	1
네트워크_엔지니어	0	네트워크_통합업체	1
네트워크_엔지니어	0	네트워크_엔지니어링_컨설턴트	1
네트워크_엔지니어	0	네트워크_설계_엔지니어	1
네트워크_엔지니어	0	데이터_네트워크_엔지니어	1
네트워크_엔지니어	0	네트워크_지원_기술자	1
네트워크_엔지니어	0	관리자_네트워크_엔지니어링	1
네트워크_엔지니어	0	엔터프라이즈_네트워크_엔지니어	1
네트워크_엔지니어	0	네트워크_보안_엔지니어	1
네트워크_엔지니어	0	네트워크_설계자	1
네트워크_엔지니어	0	무선_네트워크_엔지니어	1
네트워크_엔지니어	0	네트워크_전문가	1
네트워크_엔지니어	0	네트워크_인프라_관리자	1
네트워크_엔지니어	0	네트워크_운영_센터_분석가	1
네트워크_엔지니어	0	네트워크_운영_센터_팀장	1
네트워크_엔지니어	0	네트워크_운영_책임자	1
네트워크_엔지니어	0	네트워크_제공자	1
네트워크_엔지니어	0	네트워크_컨설턴트	1
농업_경제학자	0	농업_엔지니어	1
농업_경제학자	0	사육자	1
뉴스_앵커	0	교통_기자	1
뉴스_앵커	0	텔레비전_기자	1
뉴스_앵커	0	증여자	1
뉴스_앵커	0	닻	1
뉴스_앵커	0	아침_뉴스_앵커	1
뉴스_앵커	0	뉴스보조국장	1
뉴스_앵커	0	스포츠_앵커	1
뉴스_앵커	0	공개_연설_아나운서	1
뉴스_앵커	0	토크쇼_호스트	1
뉴스_앵커	0	멀티미디어_저널리스트	1
뉴스_앵커	0	라디오_방송인	1
뉴스_앵커	0	모닝쇼_프로듀서	1
뉴스_앵커	0	뉴스_프로듀서	1
뉴스_앵커	0	뉴스_리포터	1
뉴스_앵커	0	텔레비전_뉴스_기자	1
뉴스_앵커	0	모닝쇼_진행자	1
뉴스_앵커	0	라디오_프로듀서	1
뉴스_앵커	0	텔레비전_뉴스_프로듀서	1
뉴스_앵커	0	스포츠_편집자	1
뉴스_앵커	0	스포츠_프로듀서	1
뉴스_앵커	0	방송_기자	1
뉴스_앵커	0	프로그램_프로듀서	1
뉴스_앵커	0	뉴스_디렉터	1
뉴스_앵커	0	방송_보조원	1
뉴스_앵커	0	방송인	1
뉴스_앵커	0	방송_매니저	1
뉴스_앵커	0	방송_성격	1
뉴스_앵커	0	국내_특파원	1
뉴스_앵커	0	뉴스_운영_관리자	1
뉴스_앵커	0	텔레비전_발표자	1
뉴스_앵커	0	스포츠_기자	1
뉴스_앵커	0	과제_편집자	1
뉴스_앵커	0	탤런트_프로듀서	1
뉴스_앵커	0	주인	1
대출_담당자	0	대출_사무원	1
대출_담당자	0	주택_대출_부문_부사장	1
대출_담당자	0	모기지_판매_관리자	1
대출_담당자	0	허가받은_모기지_브로커	1
대출_담당자	0	모기지_대출_부사장	1
대출_담당자	0	최고_대출_책임자	1
대출_담당자	0	공인_모기지_플래너	1
대출_담당자	0	보조_마케팅_관리자	1
대출_담당자	0	소비자_대출_인수자	1
대출_담당자	0	금융_중개인	1
대출_담당자	0	대출_이사	1
대출_담당자	0	공인_모기지_계획_전문가	1
대출_담당자	0	가까이에_게시하다	1
대출_담당자	0	영업_관리자	1
대출_담당자	0	대출_처리자	1
대출_담당자	0	주택_융자_컨설턴트	1
대출_담당자	0	지점장	1
대출_담당자	0	모기지_브로커	1
대출_담당자	0	모기지_동료	1
대출_담당자	0	개인_모기지_은행원	1
대출_담당자	0	모기지_대출_담당자	1
대출_담당자	0	주택담보대출_컨설턴트	1
대출_담당자	0	마감_감독자	1
대출_담당자	0	대출_전문가	1
대출_담당자	0	모기지_대출_코디네이터	1
대출_담당자	0	대출_코디네이터	1
대출_담당자	0	주택담보대출_전문가	1
대출_담당자	0	모기지_은행가	1
대출_담당자	0	주택_대출_담당자	1
대출_담당자	0	주택담보대출_발신자	1
대출_담당자	0	마감_전문가	1
대출_담당자	0	대출_담당자	1
대출_담당자	0	모기지_대출_기관	1
대출_담당자	0	부동산_대출_담당자	1
대출_담당자	0	대출_클로저	1
대출_담당자	0	모기지_대리인	1
대출_담당자	0	모기지_보험사	1
데스크탑_지원_기술자	0	시스템_지원_감독자	1
데스크탑_지원_기술자	0	컨설턴트	1
데스크탑_지원_기술자	0	기술_지원_분석가	1
데스크탑_지원_기술자	0	애플리케이션_지원_기술자	1
데스크탑_지원_기술자	0	제품_지원_기술자	1
데스크탑_지원_기술자	0	컴퓨터_기술자	1
데스크탑_지원_기술자	0	헬프_데스크_코디네이터	1
데스크탑_지원_기술자	0	기술지원팀장	1
데스크탑_지원_기술자	0	컴퓨터_지원_분석가	1
데스크탑_지원_기술자	0	지원_센터_분석가	1
데스크탑_지원_기술자	0	헬프데스크_지원_분석가	1
데스크탑_지원_기술자	0	헬프_데스크_관리자	1
데스크탑_지원_기술자	0	IT_기술자	1
데스크탑_지원_기술자	0	기술_지원_기술자	1
데스크탑_지원_기술자	0	데스크탑_지원_엔지니어	1
데스크탑_지원_기술자	0	데스크톱_관리자	1
데스크탑_지원_기술자	0	IT_지원_전문가	1
데스크탑_지원_기술자	0	사용자_지원_기술자	1
데스크탑_지원_기술자	0	데스크탑_엔지니어	1
데스크탑_지원_기술자	0	서비스_데스크_기술자	1
데스크탑_지원_기술자	0	헬프데스크_분석가	1
데스크탑_지원_기술자	0	컴퓨터_지원_기술자	1
데스크탑_지원_기술자	0	지원_기술자	1
데스크탑_지원_기술자	0	서비스_데스크_관리자	1
데스크탑_지원_기술자	0	컴퓨터_네트워크_기술자	1
데스크탑_지원_기술자	0	최종_사용자_지원_전문가	1
데스크탑_지원_기술자	0	현장_지원_기술자	1
데스크탑_지원_기술자	0	구성_기술자	1
데스크탑_지원_기술자	0	데스크탑_지원팀_리더	1
데스크탑_지원_기술자	0	2차_지원_분석가	1
데스크탑_지원_기술자	0	원격_지원_엔지니어	1
데스크탑_지원_기술자	0	시스템_관리자	1
데스크탑_지원_기술자	0	서비스_센터_분석가	1
데스크탑_지원_기술자	0	서버_관리자	1
데스크탑_지원_기술자	0	IT_제너럴리스트	1
데스크탑_지원_기술자	0	데스크탑_지원_분석가	1
데스크탑_지원_기술자	0	네트워크_운영_분석가	1
데스크탑_지원_기술자	0	데스크탑_지원	1
데스크탑_지원_기술자	0	데스크탑_지원_전문가	1
데스크탑_지원_기술자	0	데스크사이드_지원_기술자	1
데스크탑_지원_기술자	0	운영_체제_분석가	1
데스크탑_지원_기술자	0	첫_번째_라인_지원	1
데스크탑_지원_기술자	0	지역_지원_전문가	1
데스크탑_지원_기술자	0	소프트웨어_지원_분석가	1
데스크탑_지원_기술자	0	헬프_데스크_기술자	1
도시_디자이너	0	건축_학생	1
도시_디자이너	0	건축_조수	1
도시_디자이너	0	건축_준회원	1
도시_디자이너	0	디자인_코디네이터	1
도시_디자이너	0	수석_조경사	1
도시_디자이너	0	도시_계획가	1
도시_디자이너	0	디자인_건축가	1
도시_디자이너	0	조경	1
도시_디자이너	0	조경_건축_인턴	1
도시_디자이너	0	건축_디자이너	1
도시_디자이너	0	프로젝트_디자이너	1
도시_디자이너	0	대학원_건축가	1
도시_디자이너	0	조경_디자이너	1
도시_디자이너	0	보조_건축가	1
도시_디자이너	0	중간_건축가	1
도시_디자이너	0	건축가	1
동영상_편집기	0	영화_감독	1
동영상_편집기	0	카메라_오퍼레이터	1
동영상_편집기	0	첫_번째_조감독	1
동영상_편집기	0	포스트_프로덕션_매니저	1
동영상_편집기	0	포스트_프로덕션_책임자	1
동영상_편집기	0	포스트_프로덕션_디렉터	1
동영상_편집기	0	카메라맨	1
동영상_편집기	0	영화제작자	1
동영상_편집기	0	크리에이티브_서비스_프로듀서	1
동영상_편집기	0	카메라_어시스턴트	1
동영상_편집기	0	비디오_프로듀서	1
동영상_편집기	0	열렬한_편집자	1
동영상_편집기	0	보조_편집자	1
동영상_편집기	0	디지털_미디어_프로듀서	1
동영상_편집기	0	영상제작_전문가	1
동영상_편집기	0	미디어_제작_전문가	1
동영상_편집기	0	포스트_프로듀서	1
동영상_편집기	0	포스트_프로덕션_편집자	1
동영상_편집기	0	보조_비디오_편집자	1
동영상_편집기	0	멀티미디어_프로듀서	1
동영상_편집기	0	영화_편집자	1
동영상_편집기	0	영화_및_비디오_편집자	1
동영상_편집기	0	포스트_프로덕션_코디네이터	1
동영상_편집기	0	촬영감독	1
동영상_편집기	0	비디오그래퍼	1
동영상_편집기	0	시각_효과_아티스트	1
동영상_편집기	0	미디어_서비스_이사	1
동영상_편집기	0	제작자	1
동영상_편집기	0	미디어_기술자	1
동영상_편집기	0	생산자	1
동영상_편집기	0	영화_제작자	1
동영상_편집기	0	포스트_프로덕션_인턴	1
동영상_편집기	0	포스트_프로덕션_어시스턴트	1
동영상_편집기	0	영상_제작_매니저	1
동영상_편집기	0	촬영_감독	1
동영상_편집기	0	영상제작_디렉터	1
드릴링_엔지니어	0	드릴링_컨설턴트	1
드릴링_엔지니어	0	일반_현장_엔지니어	1
드릴링_엔지니어	0	석유_엔지니어	1
드릴링_엔지니어	0	현장_서비스_코디네이터	1
드릴링_엔지니어	0	드릴러	1
드릴링_엔지니어	0	글쎄_엔지니어	1
드릴링_엔지니어	0	시추_감독관	1
드릴링_엔지니어	0	완성_엔지니어	1
드릴링_엔지니어	0	유선_현장_엔지니어	1
드릴링_엔지니어	0	드릴링_매니저	1
드릴링_엔지니어	0	현장_엔지니어링_관리자	1
드릴링_엔지니어	0	시추_감독자	1
드릴링_엔지니어	0	현장_기술자	1
마취과_의사	0	심장학_펠로우	1
마취과_의사	0	마취과_레지던트	1
마취과_의사	0	집중주의자	1
마취과_의사	0	직원_마취과_의사	1
마취과_의사	0	마취_기술자	1
마취과_의사	0	거주자	1
마취과_의사	0	내과_레지던트	1
마취과_의사	0	의학_조교수	1
메이크업_아티스트	0	헤어_디자이너	1
메이크업_아티스트	0	미용실_주인	1
메이크업_아티스트	0	이발사	1
메이크업_아티스트	0	매니큐어리스트	1
메이크업_아티스트	0	뷰티_어드바이저	1
메이크업_아티스트	0	전문_메이크업_아티스트	1
메이크업_아티스트	0	헤어_및_메이크업_아티스트	1
메이크업_아티스트	0	미용사	1
모금행사	0	기금_개발_이사	1
모금행사	0	모금_이사	1
모금행사	0	기업_및_재단_관계_이사	1
모금행사	0	멤버십_서비스_이사	1
모금행사	0	개발_및_홍보_담당_이사	1
모금행사	0	기업_파트너십_이사	1
모금행사	0	기금_개발_코디네이터	1
모금행사	0	모금_관리자	1
모금행사	0	모금담당관	1
모금행사	0	특별_이벤트_디렉터	1
모금행사	0	연간_기부_관리자	1
모금행사	0	모금_책임자	1
모금행사	0	연간_기금_부국장	1
모금행사	0	기획기부_이사	1
모금행사	0	기증자관계담당관	1
모금행사	0	기부자_관계_관리자	1
모금행사	0	사업_개발_책임자	1
모금행사	0	모금_컨설턴트	1
모금행사	0	개인_기부_관리자	1
모금행사	0	파트너십_코디네이터	1
모금행사	0	사업_개발_동료	1
모금행사	0	보조금_관리자	1
모금행사	0	주요_선물_관리자	1
모금행사	0	연간_펀드매니저	1
모금행사	0	모금_코디네이터	1
모금행사	0	서포터	1
모금행사	0	기부자_관계_코디네이터	1
모금행사	0	재단_관리자	1
목수	0	계약자	1
목수	0	현장_감독관	1
목수	0	현장_감독	1
목수	0	건축업자	1
목수	0	마스터_목수	1
목수	0	일반_계약자	1
무선_엔지니어	0	통신_엔지니어	1
무선_엔지니어	0	라디오_엔지니어	1
무선_엔지니어	0	스위치_엔지니어	1
무선_엔지니어	0	롤아웃_엔지니어	1
무선_엔지니어	0	핵심_엔지니어	1
무선_엔지니어	0	코어_네트워크_엔지니어	1
무선_엔지니어	0	통신팀장	1
무선_엔지니어	0	통신_프로젝트_엔지니어	1
무선_엔지니어	0	네트워크_통합_엔지니어	1
무선_엔지니어	0	통신_보조원	1
무선_엔지니어	0	통신_코디네이터	1
무선_엔지니어	0	통신_전문가	1
무선_엔지니어	0	네트워크_성능_엔지니어	1
무선_엔지니어	0	무선_컨설턴트	1
무선_엔지니어	0	네트워크_계획_엔지니어	1
무선_엔지니어	0	BSC_엔지니어	1
무선_엔지니어	0	시스템_성능_엔지니어	1
무선_엔지니어	0	현장_운영_기술자	1
무선_엔지니어	0	통신_담당관	1
무선_엔지니어	0	무선_제품_관리자	1
무선_엔지니어	0	비즈니스_지원_시스템_엔지니어	1
무선_엔지니어	0	구현_감독자	1
무선_엔지니어	0	클러스터_리드	1
무선_엔지니어	0	무선_전문가	1
무선_엔지니어	0	현장_운영_엔지니어	1
무역_마케팅_분석가	0	마케팅_분석가	1
무역_마케팅_분석가	0	시장_정보_분석가	1
무역_마케팅_분석가	0	무역_마케팅_코디네이터	1
무역_마케팅_분석가	0	무역_마케팅_감독관	1
무역_마케팅_분석가	0	무역_마케팅_보조원	1
무역_마케팅_분석가	0	신사업_전문가	1
무역_마케팅_분석가	0	전략_기획_분석가	1
무역_마케팅_분석가	0	상업_분석가	1
무역_마케팅_분석가	0	에이전트_상업	1
무역_마케팅_분석가	0	거래_전문가	1
무역_마케팅_분석가	0	상업_코디네이터	1
무역_마케팅_분석가	0	상업_감독관	1
물류_전문가	0	창고팀장	1
물류_전문가	0	창고_전문가	1
물류_전문가	0	물류_센터	1
물류_전문가	0	물류_분석가	1
물류_전문가	0	물류_책임자	1
물류_전문가	0	창고_및_유통_관리자	1
물류_전문가	0	전국_물류_관리자	1
물류_전문가	0	지역_물류_관리자	1
물류_전문가	0	국제_물류_관리자	1
물류_전문가	0	그룹_물류_관리자	1
물류_전문가	0	기업_물류_관리자	1
물류_전문가	0	공급망_책임자	1
물류_전문가	0	창고_운영_관리자	1
물류_전문가	0	글로벌_물류_관리자	1
물류_전문가	0	운영_및_물류_관리자	1
물류_전문가	0	물류_기획자	1
물류_전문가	0	물류_관계자	1
물류_전문가	0	창고_및_물류_관리자	1
물류_전문가	0	물류_컨설턴트	1
물류_전문가	0	물류_보조원	1
물류_전문가	0	물류팀장	1
물류_전문가	0	물류_컨트롤러	1
물류_전문가	0	물류_관리자	1
물류_전문가	0	물류_임원	1
물류_전문가	0	물류_이사	1
물류_전문가	0	물류부장	1
물류_전문가	0	국제_물류_코디네이터	1
물류_전문가	0	물류센터장	1
물류_전문가	0	물류_감독자	1
물류_전문가	0	물류_전문가	1
물류_전문가	0	물류_코디네이터	1
물류_전문가	0	재고_관리자	1
물류_전문가	0	물류_엔지니어	1
물류_전문가	0	창고_운영자	1
미디어_구매자	0	온라인_광고_관리자	1
미디어_구매자	0	미디어_관리자	1
미디어_구매자	0	미디어_기획자	1
미디어_구매자	0	대화형_영업_관리자	1
미디어_구매자	0	전략_감독자	1
미디어_구매자	0	회계_이사	1
미디어_구매자	0	디지털_마케팅_매니저	1
미디어_구매자	0	미디어_관계자	1
미디어_구매자	0	광고_책임자	1
미디어_구매자	0	미디어그룹_대표	1
미디어_구매자	0	디지털_계정_관리자	1
미디어_구매자	0	그룹_미디어_디렉터	1
미디어_구매자	0	디지털_미디어_기획자	1
미디어_구매자	0	디지털미디어_부문장	1
미디어_구매자	0	미디어_전략가	1
미디어_구매자	0	소셜_미디어_마케팅_컨설턴트	1
미디어_구매자	0	광고_계정_관리자	1
미디어_구매자	0	마케팅_컨설턴트	1
미디어_구매자	0	미디어_임원	1
미디어_구매자	0	계정_전략가	1
미디어_구매자	0	광고_매니저	1
미디어_구매자	0	미디어_디렉터	1
미디어_구매자	0	디지털_계정_이사	1
미디어_구매자	0	마케팅_전략가	1
미디어_구매자	0	소셜_미디어_관리자	1
미디어_구매자	0	디지털_미디어_감독자	1
미디어_구매자	0	교통_관리자	1
미디어_구매자	0	광고_감독자	1
미디어_구매자	0	소셜_미디어_마케팅_매니저	1
미디어_구매자	0	분류_광고_관리자	1
미디어_구매자	0	방송_구매자	1
미디어_구매자	0	영업_기획자	1
미디어_구매자	0	디지털_감독자	1
미디어_구매자	0	디지털_플래너	1
미디어_구매자	0	인터넷_마케팅_코디네이터	1
미디어_구매자	0	계정_플래너	1
미디어_구매자	0	미디어_감독자	1
미디어_구매자	0	미디어_기획_감독	1
미디어_구매자	0	방송_협상가	1
미디어_구매자	0	온라인_마케팅_담당자	1
미용사	0	이발사	1
미용사	0	패션_컨설턴트	1
미용사	0	헤어_및_메이크업_아티스트	1
미용사	0	패션_스타일리스트	1
미용사	0	미용사	1
미용사	0	문장가	1
미용사	0	마스터_스타일리스트	1
미용사	0	미용실_주인	1
미용사	0	살롱_코디네이터	1
미용사	0	컬러_전문가	1
미용사	0	패션_디자인_인턴	1
미용사	0	헤어_디자이너	1
바텐더	0	웨이터	1
바텐더	0	수석_웨이터	1
바텐더	0	바_승무원	1
바텐더	0	연회장	1
바텐더	0	섬기는_사람	1
바텐더	0	칵테일_웨이트리스	1
바텐더	0	식음료_인턴	1
바텐더	0	칵테일_서버	1
바텐더	0	레스토랑_서버	1
바텐더	0	연회_서버	1
바텐더	0	음식_및_음료_감독자	1
바텐더	0	혼합학자	1
바텐더	0	게스트_서비스_코디네이터	1
바텐더	0	바텐더	1
바텐더	0	레스토랑_감독자	1
바텐더	0	바_매니저	1
바텐더	0	바_감독자	1
바텐더	0	연회_감독	1
바텐더	0	집_앞_매니저	1
바텐더	0	카페_매니저	1
바텐더	0	식품_및_음료_부문_이사	1
바텐더	0	식품_및_음료_보조_관리자	1
바텐더	0	레스토랑과_바_매니저	1
바텐더	0	보조_바_매니저	1
바텐더	0	보조_케이터링_매니저	1
바텐더	0	대리	1
바텐더	0	연회_코디네이터	1
바텐더	0	게스트_서비스_담당자	1
바텐더	0	푸드_서버	1
바텐더	0	환대_코디네이터	1
바텐더	0	게스트_관계_코디네이터	1
바텐더	0	헤드_바텐더	1
바텐더	0	헤드_서버	1
발행자	0	미디어_연구원	1
발행자	0	프로젝트_편집자	1
발행자	0	콘텐츠_전략가	1
발행자	0	홍보_관리자	1
발행자	0	콘텐츠_개발자	1
발행자	0	기부자	1
발행자	0	내부_커뮤니케이션_책임자	1
발행자	0	복사_관리자	1
발행자	0	시장_기자	1
발행자	0	그룹_출판사	1
발행자	0	출판_컨설턴트	1
발행자	0	라이프스타일_에디터	1
발행자	0	출판_이사	1
발행자	0	카피라이터	1
발행자	0	출판_코디네이터	1
발행자	0	출판_편집자	1
발행자	0	편집_코디네이터	1
발행자	0	계약_카피라이터	1
발행자	0	편집_보조원	1
발행자	0	컨설팅_편집자	1
발행자	0	수석_기자	1
발행자	0	커미셔닝_편집자	1
발행자	0	편집_감독	1
발행자	0	도시_편집자	1
발행자	0	여행_편집자	1
발행자	0	출판_관리자	1
발행자	0	출판_보조원	1
발행자	0	편집_프로덕션_매니저	1
발행자	0	편집장	1
발행자	0	출판부장	1
발행자	0	편집부장	1
발행자	0	편집_작가	1
발행자	0	출판물_관리자	1
발행자	0	홍보_담당자	1
발행자	0	편집_프로젝트_매니저	1
발행자	0	커뮤니케이션_관리자	1
발행자	0	편집자	1
발행자	0	섭외	1
발행자	0	메트로_편집자	1
발행자	0	편집_컨설턴트	1
발행자	0	언론관계담당관	1
방사선_기술자	0	이미징_감독자	1
방사선_기술자	0	방사선과_기술자	1
방사선_기술자	0	방사선과_관리자	1
방사선_기술자	0	뢴트겐_기사	1
방사선_기술자	0	직원_기술자	1
방사선_기술자	0	방사선과_이사	1
방사선_기술자	0	방사선과_감독관	1
방사선_기술자	0	초음파_기술자	1
방사선_기술자	0	혈관_기술자	1
방사선_기술자	0	이미징_서비스_이사	1
방송_엔지니어	0	뉴스_운영_관리자	1
방송_엔지니어	0	방송제작국장	1
방송_엔지니어	0	방송_운영_이사	1
방송_엔지니어	0	방송_매니저	1
방송_엔지니어	0	방송_감독	1
방송_엔지니어	0	기술_운영자	1
방송_엔지니어	0	품질_관리_운영자	1
방송_엔지니어	0	동영상_편집기	1
방송_엔지니어	0	전송_컨트롤러	1
방송_엔지니어	0	비디오_엔지니어	1
방송_엔지니어	0	마스터_제어_연산자	1
방송_엔지니어	0	방송_코디네이터	1
방송_엔지니어	0	방송_기술자	1
방송_엔지니어	0	기술_프로듀서	1
방송_엔지니어	0	방송_시스템_엔지니어	1
배관공	0	십장	1
배관공	0	프로젝트_감독	1
배관공	0	건설_감독	1
배관공	0	배관공	1
변호사	0	간청자	1
변호사	0	주주	1
변호사	0	외국_동료	1
변호사	0	중재인	1
변호사	0	외국법_컨설턴트	1
변호사	0	기업_법률_고문	1
변호사	0	그룹_법률_고문	1
변호사	0	지방검사	1
변호사	0	세무사	1
변호사	0	부동산_변호사	1
변호사	0	소송_파트너	1
변호사	0	국제_변호사	1
변호사	0	직원_변호사	1
변호사	0	지방_판사	1
변호사	0	외부_변호사	1
변호사	0	법무관	1
변호사	0	보조_카운티_변호사	1
변호사	0	법무차관보	1
변호사	0	법률_개인_비서	1
변호사	0	수석_법률_고문	1
변호사	0	지역_변호사	1
변호사	0	법률_고문	1
변호사	0	조언	1
변호사	0	변호사_관리	1
변호사	0	기업_고문	1
변호사	0	법무팀장	1
변호사	0	특별_변호사	1
변호사	0	사건_사무원	1
변호사	0	법률_임원	1
변호사	0	상업_변호사	1
변호사	0	규제_자문	1
변호사	0	변호사	1
변호사	0	법률_비서	1
변호사	0	법률_전문가	1
변호사	0	법률_및_규정_준수_담당자	1
변호사	0	법적_동료	1
변호사	0	법무이사	1
변호사	0	세무_변호사	1
변호사	0	기업_법률_보조원	1
변호사	0	관리_변호사	1
변호사	0	수석_법률_및_회사_비서	1
변호사	0	회사_변호사	1
변호사	0	수석_변호사	1
변호사	0	소송_관리자	1
변호사	0	부총지배인	1
변호사	0	변호사_보조	1
변호사	0	국선_변호인	1
변호사	0	사법보좌관	1
변호사	0	판사	1
변호사	0	기업_변호사	1
변호사	0	부국선_변호인	1
변호사	0	행정법_판사	1
변호사	0	지적재산권_전문가	1
변호사	0	지적재산권_변호사	1
변호사	0	재판_변호사	1
변호사	0	법무보좌관	1
변호사	0	수석_고문	1
변호사	0	법인_보좌관	1
변호사	0	소송_변호사	1
변호사	0	법률_상담사	1
변호사	0	법률_대리	1
변호사	0	법무팀_인턴	1
변호사	0	법원_변호사	1
변호사	0	보조_지방_검사	1
변호사	0	법률_코디네이터	1
변호사	0	법무차관	1
변호사	0	법률_연구원	1
변호사	0	형사_변호인	1
변호사	0	사법_서기	1
변호사	0	계약_변호사	1
변호사	0	연구_변호사	1
변호사	0	직원_상담	1
변호사	0	시_부검사	1
보험_중개인	0	자격증을_갖춘_준_부동산_중개인	1
보험_중개인	0	상업_보험_중개인	1
보험_중개인	0	주거용_부동산_중개인	1
보험_중개인	0	브로커_보조원	1
보험_중개인	0	재무_대리인	1
보험_중개인	0	고객_옹호자	1
보험_중개인	0	인수_보조원	1
보험_중개인	0	보험_생산자	1
보험_중개인	0	상업_라인_생산자	1
보험_중개인	0	공인_부동산_중개인	1
보험_중개인	0	보험_인수자	1
보험_중개인	0	개인_보험_인수자	1
보험_중개인	0	보험_대리인	1
보험_중개인	0	관리_브로커	1
보험_중개인	0	현장_인수자	1
보험_중개인	0	개인_라인_매니저	1
보험_중개인	0	자격증을_갖춘_보험_대리인	1
보험_중개인	0	대행사_소유자	1
보험_중개인	0	보험_계좌_담당자	1
보험_중개인	0	보험_책임자	1
보험_중개인	0	구매자_대리인	1
보험_중개인	0	마케팅_담당자	1
보험_중개인	0	부동산_판매_직원	1
보험_중개인	0	보험_전문가	1
보험_중개인	0	독점_대리점	1
보험_중개인	0	생산_인수자	1
보험_중개인	0	인수_이사	1
보험_중개인	0	임대_대리점	1
보험_중개인	0	대리점_관리자	1
보험_중개인	0	인수_컨설턴트	1
보험_중개인	0	상업_보험_대리인	1
보험_중개인	0	제휴_브로커	1
보험_중개인	0	중개인_판매_직원	1
보험_중개인	0	보험_임원	1
보험_중개인	0	보험_컨설턴트	1
보험_중개인	0	브로커	1
보험_중개인	0	보험영업사원	1
보험_중개인	0	부동산_중개업자	1
보험_중개인	0	대행사장	1
보험_중개인	0	최고_인수_책임자	1
보험_중개인	0	대행사_현장_임원	1
보험_중개인	0	부동산_컨설턴트	1
보험_중개인	0	허가받은_판매_대리점	1
보험_중개인	0	생명보험사	1
보험_중개인	0	대리점_대표	1
보험_중개인	0	대리점_분야_전문가	1
부동산_중개인	0	직함_장교	1
부동산_중개인	0	이전_이사	1
부동산_중개인	0	커뮤니티_영업_관리자	1
부동산_중개인	0	부동산_감정사	1
부동산_중개인	0	중개인_판매_직원	1
부동산_중개인	0	추천_대리인	1
부동산_중개인	0	새로운_주택_판매_컨설턴트	1
부동산_중개인	0	공인_부동산_감정사	1
부동산_중개인	0	부동산_컨설턴트	1
부동산_중개인	0	브로커	1
부동산_중개인	0	지정_브로커	1
부동산_중개인	0	자산_관리자	1
부동산_중개인	0	허가받은_판매_대리점	1
부동산_중개인	0	자격증을_갖춘_준_부동산_중개인	1
부동산_중개인	0	구매자_대리인	1
부동산_중개인	0	부동산_팀장	1
부동산_중개인	0	제휴_브로커	1
부동산_중개인	0	부동산_중개업자	1
부동산_중개인	0	주거용_부동산_중개인	1
부동산_중개인	0	공인_부동산_중개인	1
부동산_중개인	0	상업용_부동산_중개인	1
부동산_중개인	0	대행사_소유자	1
부동산_중개인	0	전문_부동산_중개인	1
부동산_중개인	0	자격증을_취득한_부동산_전문가	1
부동산_중개인	0	홈_스테이저	1
부동산_중개인	0	대행사장	1
부동산_중개인	0	부동산_책임자	1
부동산_중개인	0	부동산_전문가	1
부동산_중개인	0	운영_주체	1
부동산_중개인	0	이주_전문가	1
부동산_중개인	0	부동산_동료	1
부동산_중개인	0	부동산_판매_대리인	1
부동산_중개인	0	부동산_판매_직원	1
부동산_중개인	0	공인_주택_감정사	1
부동산_중개인	0	새로운_주택_판매_상담사	1
부동산_중개인	0	새_집_컨설턴트	1
부동산_중개인	0	소유권_대리인	1
부동산_중개인	0	부동산_중개인	1
비즈니스_전략_컨설턴트	0	제품_전략가	1
비즈니스_전략_컨설턴트	0	부사장	1
비즈니스_전략_컨설턴트	0	비즈니스_개발자	1
비즈니스_전략_컨설턴트	0	감독	1
비즈니스_전략_컨설턴트	0	총지배인	1
비즈니스_전략_컨설턴트	0	자문위원	1
비즈니스_전략_컨설턴트	0	상주_임원	1
비즈니스_전략_컨설턴트	0	사업_개발_이사	1
비즈니스_전략_컨설턴트	0	컨설팅_매니저	1
비즈니스_전략_컨설턴트	0	전략_및_운영_관리자	1
비즈니스_전략_컨설턴트	0	비즈니스_전문가	1
비즈니스_전략_컨설턴트	0	글로벌_비즈니스_개발_관리자	1
비즈니스_전략_컨설턴트	0	국제_비즈니스_개발_컨설턴트	1
비즈니스_전략_컨설턴트	0	전략_개발_책임자	1
비즈니스_전략_컨설턴트	0	전략_및_운영_이사	1
비즈니스_전략_컨설턴트	0	사업_운영_이사	1
비즈니스_전략_컨설턴트	0	최고_사업_개발_책임자	1
비즈니스_전략_컨설턴트	0	부사장_전략	1
비즈니스_전략_컨설턴트	0	사업_운영_부사장	1
비즈니스_전략_컨설턴트	0	전략_개발_이사	1
비즈니스_전략_컨설턴트	0	VP_전략_이니셔티브	1
비즈니스_전략_컨설턴트	0	사업_개발_컨설턴트	1
비즈니스_전략_컨설턴트	0	전략_컨설턴트	1
비즈니스_전략_컨설턴트	0	사업_개발_담당_부사장	1
비즈니스_전략_컨설턴트	0	경영_컨설턴트	1
비즈니스_전략_컨설턴트	0	관리자_전략_계획	1
비즈니스_전략_컨설턴트	0	사업_개발_매니저	1
비즈니스_전략_컨설턴트	0	전략_비즈니스_컨설턴트	1
비즈니스_전략_컨설턴트	0	최고_운영_책임자	1
비즈니스_전략_컨설턴트	0	최고_경영자	1
비즈니스_전략_컨설턴트	0	매니_징_디렉터	1
비즈니스_전략_컨설턴트	0	사업_개발_전문가	1
비즈니스_전략_컨설턴트	0	비즈니스_컨설턴트	1
비즈니스_전략_컨설턴트	0	전략_기획_관리자	1
비즈니스_전략_컨설턴트	0	사업_개발_책임자	1
비즈니스_전략_컨설턴트	0	사업_개발_담당_부국장	1
비즈니스_전략_컨설턴트	0	사업_개발_리드	1
빵_굽는_사람	0	보조_제과_요리사	1
빵_굽는_사람	0	보조_요리사	1
빵_굽는_사람	0	주방_직원	1
빵_굽는_사람	0	음식_서비스_매니저	1
빵_굽는_사람	0	수석_페이스트리_셰프	1
빵_굽는_사람	0	과자_요리사	1
빵_굽는_사람	0	코스_요리사	1
빵_굽는_사람	0	주방_감독관	1
빵_굽는_사람	0	케이터링	1
빵_굽는_사람	0	케이터링_요리사	1
빵_굽는_사람	0	요리하다	1
빵_굽는_사람	0	기업_요리사	1
빵_굽는_사람	0	라인_셰프	1
빵_굽는_사람	0	생과자_요리사	1
빵_굽는_사람	0	주방장	1
사립_탐정	0	조사자	1
사립_탐정	0	기업_조사관	1
사립_탐정	0	배경_조사관	1
사립_탐정	0	범죄_수사관	1
사립_탐정	0	조사관	1
사립_탐정	0	특수_요원	1
사립_탐정	0	우편_조사관	1
사립_탐정	0	수석_조사관	1
사립_탐정	0	현장_조사관	1
사립_탐정	0	경찰_탐정	1
사립_탐정	0	특별_수사관	1
사립_탐정	0	조사_전문가	1
사립_탐정	0	경찰_조사관	1
사립_탐정	0	조사국장	1
사립_탐정	0	감독_특수_요원	1
사립_탐정	0	지역_조사관	1
사모펀드_분석가	0	기업_은행_분석가	1
사모펀드_분석가	0	투자_연구_분석가	1
사모펀드_분석가	0	투자_은행_여름_분석가	1
사모펀드_분석가	0	투자_은행_분석가	1
사모펀드_분석가	0	자금_분석가	1
사모펀드_분석가	0	보조_펀드매니저	1
사모펀드_분석가	0	주식_연구_인턴	1
사모펀드_분석가	0	평가_분석가	1
사모펀드_분석가	0	기업_개발_직원	1
사모펀드_분석가	0	평가_관계자	1
사모펀드_분석가	0	투자_분석가	1
사모펀드_분석가	0	레버리지_금융_분석가	1
사모펀드_분석가	0	금융_서비스_직원	1
사모펀드_분석가	0	사모펀드_관계자	1
사모펀드_분석가	0	투자_은행_직원	1
사모펀드_분석가	0	벤처_캐피탈_분석가	1
사모펀드_분석가	0	재무_분석가	1
사모펀드_분석가	0	투자_은행_인턴	1
사모펀드_분석가	0	사모펀드_인턴	1
사모펀드_분석가	0	구조화_금융_분석가	1
사모펀드_분석가	0	기업_재무_분석가	1
사모펀드_분석가	0	거래_분석가	1
사모펀드_분석가	0	시장_조사_분석가	1
사모펀드_분석가	0	기업_개발_분석가	1
사모펀드_분석가	0	투자자_관계_관계자	1
사모펀드_분석가	0	포트폴리오_관리_분석가	1
사모펀드_분석가	0	기업금융_인턴	1
사모펀드_분석가	0	주식_연구_책임자	1
사모펀드_분석가	0	주식_연구원	1
사진작가	0	사진_편집기	1
사진작가	0	직원_사진사	1
사진작가	0	전문_사진가	1
사진작가	0	보조_사진가	1
사진작가	0	스포츠_사진작가	1
사진작가	0	이벤트_사진작가	1
사진작가	0	미술_사진가	1
사진작가	0	사진가_보조	1
사진작가	0	패션_사진작가	1
사진작가	0	사진_관리자	1
사진작가	0	계약_사진작가	1
사진작가	0	사진_전문가	1
사진작가	0	사진_기술자	1
사진작가	0	사진_실험실_기술자	1
사진작가	0	사진_스타일리스트	1
생물_의학_엔지니어	0	장비_유지_보수_기술자	1
선원	0	항만_엔지니어	1
선원	0	첫_번째_엔지니어	1
선원	0	부사관	1
선원	0	기술_감독관	1
선원	0	해양_장교	1
선원	0	해상_장교	1
선원	0	선장	1
선원	0	두_번째_항해사	1
선원	0	해양_감독관	1
선원	0	해양_운영_관리자	1
선원	0	해양_컨설턴트	1
선원	0	감시_장교	1
섬유_디자이너	0	니트웨어_디자이너	1
섬유_디자이너	0	보조_디자이너	1
섬유_디자이너	0	인쇄_디자이너	1
섬유_디자이너	0	디자인_및_생산_인턴	1
섬유_디자이너	0	제품_개발_보조원	1
섬유_디자이너	0	디자인_인턴	1
섬유_디자이너	0	남성복_디자이너	1
섬유_디자이너	0	액세서리_디자이너	1
섬유_디자이너	0	디자인_강사	1
섬유_디자이너	0	디자이너	1
섬유_디자이너	0	디자인_어시스턴트	1
섬유_디자이너	0	수석_디자이너	1
섬유_디자이너	0	컨셉_디자이너	1
섬유_디자이너	0	의류_디자이너	1
섬유_디자이너	0	패션_디자이너	1
섬유_디자이너	0	패션_디자인_인턴	1
섬유_디자이너	0	여성복_디자이너	1
섬유_디자이너	0	신발_디자이너	1
섬유_디자이너	0	시각_디자이너	1
섬유_디자이너	0	패션_어시스턴트	1
세무사	0	직원_회계사	1
세무사	0	세금_동료	1
세무사	0	세금_원금	1
세무사	0	세금_관리인	1
세무사	0	세무사	1
세무사	0	세금_준수_관리자	1
세무사	0	세무_전문가	1
세무사	0	감사원	1
세무사	0	국세청장	1
세무사	0	세금_기술자	1
세무사	0	수익_대리인	1
세무사	0	내부_수익_대리인	1
세무사	0	총계정원장_감독자	1
세무사	0	법인세_컨설턴트	1
세무사	0	직원_세무사	1
세무사	0	회계_강사	1
세무사	0	감사	1
세무사	0	회계_직원	1
세무사	0	세무_대리인	1
세무사	0	전문_회계사	1
세무사	0	급여_세무사	1
세무사	0	마스터_세금_고문	1
세무사	0	세금_관리자	1
세무사	0	재산세_관리자	1
세무사	0	주요_회계사	1
세무사	0	회계사	1
세무사	0	고객_회계사	1
세무사	0	연방_세금_관리자	1
세무사	0	주_및_지방세_관리자	1
세무사	0	법인세_관리자	1
세무사	0	중급_회계사	1
세무사	0	보조_회계사	1
세무사	0	세무_감독관	1
세무사	0	부기_계원	1
세무사	0	세무_분석가	1
세무사	0	세무감사관	1
세무사	0	임시_회계사	1
소방관	0	소방서장	1
소방관	0	소방수	1
소방관	0	소방관	1
소방관	0	소방서_부국장	1
소방관	0	긴급_파견자	1
소방관	0	대대장	1
소방관	0	소방대장	1
소방관	0	소방대위	1
수문지질학자	0	지질_기술자	1
수문지질학자	0	수문학자	1
수문지질학자	0	현장_지질학자	1
수문지질학자	0	프로젝트_수문지질학자	1
수문지질학자	0	프로젝트_지질학자	1
수문지질학자	0	주요_지질학자	1
수문지질학자	0	주요_수문지질학자	1
수의사	0	등록된_수의사	1
수의사	0	수의사_보조	1
수의사	0	수의사	1
수입_수출_전문가	0	수입_수출_코디네이터	1
수입_수출_전문가	0	물류_대리점	1
수입_수출_전문가	0	수입_수출_관리자	1
수입_수출_전문가	0	수입_사무원	1
수입_수출_전문가	0	수출입_분석가	1
수입_수출_전문가	0	수입_부서	1
수입_수출_전문가	0	수출_전문가	1
수입_수출_전문가	0	수입_코디네이터	1
수입_수출_전문가	0	수입_분석가	1
수입_수출_전문가	0	수입_수출_도우미	1
수입_수출_전문가	0	수입_전문가	1
수입_수출_전문가	0	수출입담당	1
수입_수출_전문가	0	지역_수출_관리자	1
수입_수출_전문가	0	수출판매담당	1
수입_수출_전문가	0	국제_무역_전문가	1
수입_수출_전문가	0	수출_관리자	1
수입_수출_전문가	0	수출담당관	1
수입_수출_전문가	0	수출영업대표	1
수입_수출_전문가	0	수입_임원	1
수입_수출_전문가	0	수입_관리자	1
수입_수출_전문가	0	수출_지역_관리자	1
스포츠_코치	0	프로_운동선수	1
스포츠_코치	0	퍼포먼스_코치	1
스포츠_코치	0	수석_강사	1
스포츠_코치	0	스포츠_인턴	1
스포츠_코치	0	보조_근력_및_컨디셔닝_코치	1
스포츠_코치	0	운동_코디네이터	1
스포츠_코치	0	근력_및_컨디셔닝_코치	1
스포츠_코치	0	축구_코치	1
스포츠_코치	0	수석_코치	1
스포츠_코치	0	스포츠_코디네이터	1
스포츠_코치	0	스포츠_매니저	1
스포츠_코치	0	수석_축구_코치	1
스포츠_코치	0	수영_코치	1
스포츠_코치	0	스포츠_강사	1
스포츠_코치	0	보조_축구_코치	1
스포츠_코치	0	테니스_코치	1
스포츠_코치	0	스포츠_교사	1
스포츠_코치	0	스포츠_디렉터	1
식품_기술자	0	공정_기술자	1
식품_기술자	0	연구_개발_기술자	1
식품_기술자	0	품질_보증_기술자	1
식품_기술자	0	응용_기술자	1
식품_기술자	0	개발_기술자	1
식품_기술자	0	풍미주의자	1
식품_기술자	0	식품_안전_관리자	1
식품_기술자	0	식품_과학자	1
식품_기술자	0	식품_엔지니어	1
실내_장식가	0	장식_컨설턴트	1
실내_장식가	0	디자인_센터_매니저	1
실내_장식가	0	인테리어_디자이너	1
심리치료사	0	임상_감독자	1
심리치료사	0	정신_건강_상담사	1
심리치료사	0	개인_연습	1
심리치료사	0	미술치료사	1
심리치료사	0	물리치료_원장	1
심리치료사	0	정신_분석가	1
심리치료사	0	그룹_진행자	1
심리치료사	0	가족_서비스_이사	1
심리치료사	0	수석_심리학자	1
심리치료사	0	임상_상담사	1
심리치료사	0	개인_진료를_하는_심리치료사	1
심리치료사	0	봉사_상담사	1
심리치료사	0	임상사회복지사	1
심리치료사	0	치료사	1
심리치료사	0	정신_건강_컨설턴트	1
심리치료사	0	자격증을_갖춘_정신_건강_상담사	1
심리치료사	0	자격증을_갖춘_임상_사회복지사	1
심리치료사	0	임상_치료사	1
심리치료사	0	사회_사업가	1
심리치료사	0	가족_상담사	1
심리치료사	0	결혼과_가족_치료사	1
심리치료사	0	법의학_심리학자	1
심리치료사	0	심리학자	1
심리치료사	0	자격증을_갖춘_전문_상담사	1
심리치료사	0	허가받은_결혼_및_가족_치료사	1
심리치료사	0	면허가_있는_임상_심리학자	1
심리치료사	0	자격증을_갖춘_임상_전문_상담사	1
심리치료사	0	면허가_있는_심리학자	1
심리치료사	0	학교_기반_치료사	1
심리치료사	0	임상_심리학자	1
심리치료사	0	컨설팅_심리학자	1
아날로그_디자인_엔지니어	0	물리적_디자인_매니저	1
아날로그_디자인_엔지니어	0	직원_애플리케이션_엔지니어	1
아날로그_디자인_엔지니어	0	수석_하드웨어_엔지니어	1
아날로그_디자인_엔지니어	0	신호_무결성_엔지니어	1
아날로그_디자인_엔지니어	0	아날로그_디자이너	1
아날로그_디자인_엔지니어	0	혼합_신호_설계_엔지니어	1
아날로그_디자인_엔지니어	0	레이아웃_디자이너	1
아날로그_디자인_엔지니어	0	기술직원	1
아날로그_디자인_엔지니어	0	레이아웃_엔지니어	1
아날로그_디자인_엔지니어	0	기업_애플리케이션_엔지니어	1
아날로그_디자인_엔지니어	0	직원_디자인_엔지니어	1
아날로그_디자인_엔지니어	0	회로_설계자	1
아날로그_디자인_엔지니어	0	레이아웃_디자인_엔지니어	1
아날로그_디자인_엔지니어	0	설계_자동화_엔지니어	1
아날로그_디자인_엔지니어	0	물리적_디자이너	1
아날로그_디자인_엔지니어	0	회로_설계_엔지니어	1
아날로그_디자인_엔지니어	0	물리적_디자인_엔지니어	1
아날로그_디자인_엔지니어	0	디지털_디자인_엔지니어	1
아날로그_디자인_엔지니어	0	수석_설계_엔지니어	1
애견_미용사	0	그루머	1
애견_미용사	0	애완견_관리사	1
애견_미용사	0	개집_조수	1
애견_미용사	0	개_보행기	1
야금가	0	식물_야금학자	1
야금가	0	야금_기술자	1
여자_이름	0	참사관	1
여자_이름	0	구축함	1
여자_이름	0	학생_자원봉사	1
여자_이름	0	군단_회원	1
여자_이름	0	보육_서비스_제공자	1
여자_이름	0	보조_유치원_교사	1
여자_이름	0	교실_조교	1
여자_이름	0	여름_캠프_상담사	1
여자_이름	0	학생_배치_코디네이터	1
여자_이름	0	보육교사	1
여자_이름	0	입학_인턴	1
여자_이름	0	보육사	1
여자_이름	0	인턴	1
여자_이름	0	대학_프로그램_인턴	1
여자_이름	0	교사_보좌관	1
여자_이름	0	주간_캠프_상담사	1
여행사	0	여행_매니저	1
여행사	0	여행사_매니저	1
여행사	0	티켓_판매원	1
여행사	0	투어_코디네이터	1
여행사	0	기업_여행_매니저	1
여행사	0	여행_간부	1
여행사	0	국제_여행_컨설턴트	1
여행사	0	여행_전문가	1
여행사	0	글로벌_여행_매니저	1
여행사	0	여행_상담사	1
여행사	0	투어_디렉터	1
여행사	0	휴가_플래너	1
여행사	0	관광_가이드	1
여행사	0	기업_여행사	1
역사_교수	0	학술_전문가	1
역사_교수	0	겸임강사	1
역사_교수	0	명예_교수	1
역사_교수	0	학업_프로그램_코디네이터	1
역사_교수	0	방문_강사	1
역사_교수	0	전임_교수진	1
역사_교수	0	교수진_고문	1
역사_교수	0	연구_이사	1
역사_교수	0	대학_강사	1
역사_교수	0	대학_교수	1
역사_교수	0	역사학과_조교수	1
역사_교수	0	조교수	1
역사_교수	0	연관짓다	1
역사_교수	0	사회학_강사	1
역사_교수	0	교수	1
역사_교수	0	인류학_교수	1
역사_교수	0	역사학과_겸임교수	1
역사_교수	0	학부_입학처_조교수	1
역사_교수	0	사회학_교수	1
역사_교수	0	대학원생_강사	1
역사_교수	0	부총장	1
역사_교수	0	대학원생	1
역사_교수	0	대학원_프로그램_코디네이터	1
역사_교수	0	방문_조교수	1
역사_교수	0	정치학_교수	1
역사_교수	0	겸임교수	1
역사_교수	0	강사	1
역사_교수	0	학장	1
역자	0	현지화_전문가	1
역자	0	사내_번역가	1
역자	0	일본어_번역기	1
역자	0	영어_번역기	1
역자	0	언어학자	1
역자	0	언어_컨설턴트	1
역자	0	스페인어_번역가	1
역자	0	번역_코디네이터	1
역자	0	러시아_언어학자	1
역자	0	현지화_프로그램_매니저	1
역자	0	선생님_영어_외국어	1
역자	0	이탈리아어_선생님	1
역자	0	스페인어_교사	1
역자	0	영어_선생님	1
역자	0	기술_번역가	1
영화_감독	0	위치_정찰병	1
영화_감독	0	비디오그래퍼	1
영화_감독	0	영화_및_비디오_편집자	1
영화_감독	0	영화_편집자	1
영화_감독	0	스크립트_감독자	1
영화_감독	0	촬영_감독	1
영화_감독	0	플로어_디렉터	1
영화_감독	0	위치_관리자	1
영화_감독	0	첫_번째_조감독	1
영화_감독	0	두_번째_조감독	1
영화_감독	0	동영상_편집기	1
영화_감독	0	보조_위치_관리자	1
영화_감독	0	개발_프로듀서	1
영화_감독	0	두_번째_조수	1
영화_감독	0	캐스팅_프로듀서	1
영화_감독	0	보조_편집자	1
영화_감독	0	미디어_제작_전문가	1
영화_감독	0	수석_크리에이티브_디렉터	1
영화_감독	0	뉴미디어_프로듀서	1
영화_감독	0	촬영감독	1
영화_감독	0	생산_관리자	1
영화_감독	0	크리에이티브_프로듀서	1
영화_감독	0	첫_번째_보조_편집자	1
영화_감독	0	총괄_아트_디렉터	1
영화_감독	0	생산_비서	1
영화_감독	0	후반작업_감독	1
영화_감독	0	기술_프로듀서	1
영화_감독	0	생산_코디네이터	1
영화_감독	0	보조_프로듀서	1
영화_감독	0	포스트_프로덕션_매니저	1
영화_감독	0	영화_제작자	1
영화_감독	0	생산자	1
영화_감독	0	영화제작자	1
영화_감독	0	제작자	1
영화_감독	0	라인_프로듀서	1
영화_감독	0	첫_번째_보조_카메라	1
영화_감독	0	다큐멘터리_영화제작자	1
영화_감독	0	카메라_어시스턴트	1
영화_감독	0	영상제작_디렉터	1
영화_감독	0	아트_디렉터	1
요리하다	0	음식_서비스_디렉터	1
요리하다	0	연회_감독	1
요리하다	0	코스_요리사	1
요리하다	0	주방장	1
요리하다	0	라인_셰프	1
요리하다	0	보조_요리사	1
요리하다	0	식사_서비스_이사	1
요리하다	0	개인_요리사	1
요리하다	0	케이터링_요리사	1
요리하다	0	요리사	1
요리하다	0	주방_보조	1
요리하다	0	연회_요리사	1
요리하다	0	부_주방장	1
요리하다	0	주방_감독관	1
요리하다	0	주방_매니저	1
요리하다	0	음식_점원	1
요리하다	0	셰프_드_파티	1
요리하다	0	요리_강사	1
요리하다	0	요리_매니저	1
요리하다	0	보조_주방_매니저	1
요리하다	0	보조_식품_서비스_이사	1
요리하다	0	기업_요리사	1
요리하다	0	케이터링	1
웨딩_플래너	0	결혼식_및_이벤트_플래너	1
웨딩_플래너	0	특별_이벤트_기획자	1
웨딩_플래너	0	이벤트_플래너	1
웨딩_플래너	0	기업_이벤트_기획자	1
웨딩_플래너	0	이벤트_관리자	1
웨딩_플래너	0	개인_이벤트_디렉터	1
웨딩_플래너	0	이벤트_전문가	1
웨딩_플래너	0	이벤트_디자이너	1
웨딩_플래너	0	이벤트_컨설턴트	1
웨딩_플래너	0	이벤트_관리_이사	1
웨딩_플래너	0	웨딩_코디네이터	1
웨딩_플래너	0	이벤트_임원	1
웨딩_플래너	0	웨딩_컨설턴트	1
웨딩_플래너	0	이벤트_코디네이터	1
웹_개발자	0	웹_엔지니어	1
웹_개발자	0	애플리케이션_개발_팀장	1
웹_개발자	0	웹_프로듀서	1
웹_개발자	0	창의적인_개발자	1
웹_개발자	0	웹_개발_책임자	1
웹_개발자	0	풀스택_엔지니어	1
웹_개발자	0	웹_디자이너	1
웹_개발자	0	UI_엔지니어	1
웹_개발자	0	UI_디자이너	1
웹_개발자	0	수석_소프트웨어_엔지니어	1
웹_개발자	0	기업_웹마스터	1
웹_개발자	0	소프트웨어_공학_연수생	1
웹_개발자	0	소프트웨어_프로젝트_리드	1
웹_개발자	0	멀티미디어_프로그래머	1
웹_개발자	0	소프트웨어_컨설턴트	1
웹_개발자	0	소프트웨어_회사	1
웹_개발자	0	HTML5_개발자	1
웹_개발자	0	개발자	1
웹_개발자	0	웹_개발_관리자	1
웹_개발자	0	웹_사이트_디자이너	1
웹_개발자	0	제품_개발자	1
웹_개발자	0	웹_UI_개발자	1
웹_개발자	0	웹_프로그래머	1
웹_개발자	0	웹_애플리케이션_개발자	1
웹_개발자	0	계약_웹_개발자	1
웹_개발자	0	웹_개발_팀장	1
웹_개발자	0	웹_개발_인턴	1
웹_개발자	0	웹_개발_엔지니어	1
웹_개발자	0	클라이언트_측_개발자	1
웹_개발자	0	대화형_개발자	1
웹_개발자	0	웹_애플리케이션_전문가	1
웹_개발자	0	백엔드_개발자	1
웹_개발자	0	소프트웨어_애플리케이션_개발자	1
웹_개발자	0	소프트웨어_개발자_인턴	1
웹_개발자	0	애플리케이션_개발자	1
웹_개발자	0	웹_애플리케이션_프로그래머	1
웹_개발자	0	소프트웨어_엔지니어링_인턴	1
유치원_교사	0	독서_교사	1
유치원_교사	0	교실_교사	1
유치원_교사	0	읽고_쓰는_능력_전문가	1
유치원_교사	0	교장_선생님	1
유치원_교사	0	교육_치료사	1
유치원_교사	0	초등학교_상담사	1
유치원_교사	0	학습_지원_교사	1
유치원_교사	0	부교장_선생님	1
유치원_교사	0	독서_전문가	1
유치원_교사	0	유아_교육자	1
유치원_교사	0	교육진단사	1
유치원_교사	0	특수교육_교사	1
유치원_교사	0	읽고_쓰는_능력을_가르치는_교사	1
유치원_교사	0	영어_미술_선생님	1
유치원_교사	0	특수_교육자	1
유치원_교사	0	공립학교_교사	1
유치원_교사	0	중학교_선생님	1
유치원_교사	0	유치원_원장	1
유치원_교사	0	읽기_쓰기_코치	1
유치원_교사	0	초등학교_선생님	1
유치원_교사	0	초등학교_교사	1
유치원_교사	0	보조_유치원_교사	1
유치원_교사	0	언어_교사	1
유치원_교사	0	고등학교_교사	1
유치원_교사	0	선생님	1
유치원_교사	0	독서_선생님	1
유치원_교사	0	특수교육_보조원	1
유치원_교사	0	대리교사	1
유치원_교사	0	제목_1_선생님	1
유치원_교사	0	독서_코치	1
유치원_교사	0	여름학교_선생님	1
유치원_교사	0	부교사	1
유치원_교사	0	학생_교사	1
유치원_교사	0	유아교사	1
유치원_교사	0	중등교사	1
유치원_교사	0	초등교사	1
유치원_교사	0	교육_보조	1
유치원_교사	0	유치원_교사	1
은행가	0	상업_은행_관계_관리자	1
은행가	0	상업_대출_보조원	1
은행가	0	관계_임원	1
은행가	0	은행원	1
은행가	0	기업금융부장	1
은행가	0	프로젝트_파이낸싱_책임자	1
은행가	0	프라이빗_뱅킹_담당자	1
은행가	0	관계_책임자	1
은행가	0	신용_담당자	1
은행가	0	지점_운영_감독자	1
은행가	0	개인_은행_관리자	1
은행가	0	프라이빗_뱅킹_매니저	1
은행가	0	개인_은행_고문	1
은행가	0	은행_부장	1
은행가	0	개인_은행_보조원	1
은행가	0	기업은행_이사	1
은행가	0	보조_관계_관리자	1
은행가	0	지역_컬렉션_관리자	1
은행가	0	신용_감독관	1
은행가	0	신용_전문가	1
은행가	0	구조화금융_이사	1
은행가	0	소매시장_관리자	1
은행가	0	주택담보대출_전문가	1
은행가	0	은행_지점장	1
은행가	0	투자_은행_직원	1
은행가	0	개인_고객_관리자	1
은행가	0	고객_관계_관리자	1
은행가	0	프라이빗_뱅킹_관계_관리자	1
은행가	0	관계_관리자	1
은행가	0	신용_관리_담당자	1
은행가	0	대출_전문가	1
은행가	0	구조화금융부장	1
은행가	0	최고_신용_책임자	1
은행가	0	재무부_직원	1
은행가	0	금융기관장	1
은행가	0	프라이빗_뱅킹_책임자	1
은행가	0	투자_은행_분석가	1
은행가	0	관계_은행원	1
은행가	0	부사장_사업_개발	1
은행가	0	최고_위험_책임자	1
은행가	0	기업은행_부장	1
은행가	0	자산책임관리자	1
은행가	0	개인은행_대표	1
은행가	0	외환_관리자	1
은행가	0	보조_개인_은행가	1
은행가	0	부사장	1
은행가	0	유니버설_뱅커	1
은행가	0	비즈니스_뱅킹_전문가	1
은행가	0	선호하는_은행원	1
인재_확보	0	글로벌_HR_부사장	1
인재_확보	0	채용_분석가	1
인재_확보	0	모집_임원	1
인재_확보	0	인재경영_컨설턴트	1
인재_확보	0	HR_채용_코디네이터	1
인재_확보	0	인재_확보_부문_부사장	1
인재_확보	0	국제_모집자	1
인재_확보	0	인재_확보_이사	1
인재_확보	0	모집자	1
인재_확보	0	HR_채용_전문가	1
인재_확보	0	채용_및_선발_관리자	1
인재_확보	0	인재_관리자	1
인재_확보	0	구인_전문가	1
인재_확보	0	채용_및_교육_관리자	1
인재_확보	0	채용_감독관	1
인재_확보	0	전국_채용_담당자	1
인재_확보	0	인재경영실장	1
인재_확보	0	전국_인사담당자	1
인재_확보	0	검색_임원	1
인재_확보	0	인재경영_전문가	1
인재_확보	0	HR_책임자	1
인재_확보	0	임원_검색_컨설턴트	1
인재_확보	0	자원_조달_책임자	1
인재_확보	0	HR_분석가	1
인재_확보	0	HR_컨설턴트	1
인재_확보	0	자원_전문가	1
인재_확보	0	보상_및_혜택_코디네이터	1
인재_확보	0	HR_직원	1
인재_확보	0	HR_총괄	1
인재_확보	0	인력_이사	1
인재_확보	0	HR_코디네이터	1
인재_확보	0	채용_보조원	1
인재_확보	0	인력_관리자	1
인재_확보	0	HR_비즈니스_파트너	1
인재_확보	0	자원관리_관리자	1
인재_확보	0	그룹_인사담당자	1
인재_확보	0	인사담당자	1
인재_확보	0	채용_준회원	1
인재_확보	0	대리_모집	1
인재_확보	0	인재_이사	1
인재_확보	0	채용_프로젝트_매니저	1
인재_확보	0	인재_확보_관리자	1
인재_확보	0	졸업생_채용_관리자	1
인재_확보	0	관리자_인재_확보	1
인재_확보	0	지역_채용_관리자	1
인재_확보	0	인재_확보_컨설턴트	1
인재_확보	0	정규_채용_컨설턴트	1
인재_확보	0	채용_관리자	1
인재_확보	0	인재_확보_전문가	1
인재_확보	0	채용_책임자	1
인재_확보	0	인재_확보_리드	1
인재_확보	0	인재_확보_임원	1
자동차_엔지니어	0	파워트레인_엔지니어	1
자동차_엔지니어	0	디자인_릴리즈_엔지니어	1
자동차_엔지니어	0	설계_및_개발_엔지니어	1
자동차_엔지니어	0	진단_엔지니어	1
자동차_엔지니어	0	교정_엔지니어	1
자동차_엔지니어	0	연구_개발_엔지니어	1
자동화_엔지니어	0	테스트_자동화_전문가	1
자동화_엔지니어	0	테스트_엔지니어	1
자동화_엔지니어	0	자동화_시스템_엔지니어	1
자동화_엔지니어	0	자동화팀장	1
자동화_엔지니어	0	자동화_기술자	1
자동화_엔지니어	0	자동화_컨설턴트	1
자동화_엔지니어	0	자동화_코디네이터	1
자동화_엔지니어	0	제어_시스템_전문가	1
자동화_엔지니어	0	자동화_전문가	1
자동화_엔지니어	0	자동화_테스트_분석가	1
자동화_엔지니어	0	테스트_자동화_컨설턴트	1
자동화_엔지니어	0	제어_시스템_엔지니어	1
자동화_엔지니어	0	자동화_개발자	1
자동화_엔지니어	0	품질_보증_자동화_엔지니어	1
자동화_엔지니어	0	테스트_중인_소프트웨어_개발_엔지니어	1
자동화_엔지니어	0	제어_시스템_디자이너	1
자동화_엔지니어	0	공정_제어_엔지니어	1
자동화_엔지니어	0	애플리케이션_테스터	1
자동화_엔지니어	0	기술_테스트_리드	1
자동화_엔지니어	0	프로세스_자동화_엔지니어	1
자바_개발자	0	j2ee_개발자	1
자바_개발자	0	자바_웹_개발자	1
자바_개발자	0	자바/j2ee_개발자	1
자바_개발자	0	자바_소프트웨어_엔지니어	1
자바_개발자	0	자바_애플리케이션_개발자	1
자바_개발자	0	애플리케이션_개발자	1
자바_개발자	0	기술직원	1
자바_개발자	0	소프트웨어_엔지니어_팀장	1
자바_개발자	0	자바_개발자_계약	1
자바_개발자	0	자바_건축가	1
자바_개발자	0	자바_컨설턴트	1
자바_개발자	0	자바_기술_리드	1
자바_개발자	0	자바_팀_리드	1
자바_개발자	0	개발자	1
자바_개발자	0	솔루션_개발자	1
자바_개발자	0	소프트웨어_개발_분석가	1
자바_개발자	0	소프트웨어_분석가	1
자바_개발자	0	소프트웨어_전문가	1
자바_개발자	0	기술_리드	1
자바_개발자	0	모듈_리드	1
자바_개발자	0	웹_개발_관리자	1
자바_개발자	0	기술_분석가	1
자바_개발자	0	기술	1
자바_개발자	0	프로그래밍_분석가	1
자바_개발자	0	기술_설계자	1
작곡가	0	음악_컨설턴트	1
작곡가	0	작곡가	1
작곡가	0	음악_전문가	1
작곡가	0	영화_작곡가	1
작곡가	0	밴드_멤버	1
작곡가	0	음악가	1
작곡가	0	전문_음악가	1
작곡가	0	녹음_엔지니어	1
작곡가	0	음악_작곡가	1
작곡가	0	오디오_프로듀서	1
작곡가	0	음악_프로듀서	1
전기_엔지니어	0	기계_개발_엔지니어	1
전기_엔지니어	0	인쇄_회로_기판_디자이너	1
전기_엔지니어	0	기계공학_인턴	1
전기_엔지니어	0	하드웨어_디자이너	1
전기_엔지니어	0	기계_설계_엔지니어	1
전기_엔지니어	0	전자_디자이너	1
전기_엔지니어	0	전자_전문가	1
전기_엔지니어	0	하드웨어_시스템_엔지니어	1
전기_엔지니어	0	제품_디자인_및_개발_엔지니어	1
전기_엔지니어	0	직원_하드웨어_엔지니어	1
전기_엔지니어	0	설계_및_개발_엔지니어	1
전기_엔지니어	0	혁신_엔지니어	1
전기_엔지니어	0	하드웨어팀장	1
전기_엔지니어	0	임베디드_시스템_엔지니어	1
전기_엔지니어	0	소프트웨어_개발_엔지니어	1
전기_엔지니어	0	전기_테스트_엔지니어	1
전기_엔지니어	0	전기_및_전자_엔지니어	1
전기_엔지니어	0	전자_설계_엔지니어	1
전기_엔지니어	0	전자_개발_엔지니어	1
전기_엔지니어	0	전자_시스템_엔지니어	1
전기_엔지니어	0	수석_전기_엔지니어	1
전기_엔지니어	0	직원_전기_엔지니어	1
전기_엔지니어	0	하드웨어_설계_엔지니어	1
전기_엔지니어	0	하드웨어_개발_엔지니어	1
전기_엔지니어	0	시스템_설계_엔지니어	1
전기_엔지니어	0	전기_공학_이사	1
전기_엔지니어	0	하드웨어_엔지니어	1
전기_엔지니어	0	테스트_설계_엔지니어	1
전기_엔지니어	0	하드웨어_전문가	1
전기_엔지니어	0	연구_개발_엔지니어	1
전기_엔지니어	0	하드웨어_개발자	1
전기_엔지니어	0	하드웨어_개발_이사	1
전기_엔지니어	0	임베디드_소프트웨어_팀장	1
정책_고문	0	프로젝트_책임자	1
정책_고문	0	국가_전문가	1
정책_고문	0	정책_책임자	1
정책_고문	0	공공_정책_관리자	1
정책_고문	0	정책_코디네이터	1
정책_고문	0	정책_전문가	1
정책_고문	0	차관	1
정책_고문	0	정책_분석가	1
정책_고문	0	옹호_담당관	1
정책_고문	0	경제_개발_담당관	1
제약사	0	임상직원_약사	1
제약사	0	약국_감독자	1
제약사	0	임상약사	1
제약사	0	공인_약국_기술자	1
제약사	0	약국_실무_레지던트	1
제약사	0	약국_부국장	1
제약사	0	약국_운영_관리자	1
제약사	0	임상약국_매니저	1
제약사	0	임상약학_전문가	1
제약사	0	생산_약사	1
제약사	0	약국_거주자	1
제약사	0	규제_업무_약사	1
주식_거래자	0	상인	1
주식_거래자	0	고정_수입_거래자	1
주식_거래자	0	주식_파생상품_판매	1
주식_거래자	0	판매업자	1
주식_거래자	0	플로어_브로커	1
주식_거래자	0	무역_이사	1
주식_거래자	0	주식_옵션_거래자	1
주식_거래자	0	주식_파생상품_트레이더	1
주식_거래자	0	주식_딜러	1
주식_거래자	0	독점_거래자	1
주식_거래자	0	파생상품_거래자	1
주식_거래자	0	자기주식_거래자	1
주식_거래자	0	선물_거래자	1
주식_거래자	0	옵션_거래자	1
주식_거래자	0	시장_데이터_분석가	1
주식_거래자	0	파생상품_전문가	1
주식_거래자	0	거래_보조원	1
주식_거래자	0	수석_상인	1
주식_거래자	0	주식_파생상품_브로커	1
주식_거래자	0	시장_위험_관리자	1
주식_거래자	0	채권_전문가	1
주식_거래자	0	주식_판매_상인	1
주식_거래자	0	파생상품_브로커	1
주식_거래자	0	통화_거래자	1
주식_거래자	0	주식_전략가	1
주식_거래자	0	무역_동료	1
주식_거래자	0	지분매각	1
주식_거래자	0	기관_판매_상인	1
주식_거래자	0	기관_자산_판매_담당_부사장	1
주식_거래자	0	판매_및_무역_책임자	1
주식_거래자	0	선물_중개인	1
주식_거래자	0	주식_연구_책임자	1
주식_거래자	0	기관_영업_부사장	1
중재인	0	소송_컨설턴트	1
중재인	0	소송_이사	1
중재인	0	소송_파트너	1
중재인	0	소송_보조원	1
중재인	0	계약_변호사	1
중재인	0	가정법_변호사	1
중재인	0	소송_관계자	1
중재인	0	소송_전문가	1
중재인	0	변호사_보조	1
중재인	0	변호사	1
중재인	0	판사	1
중재인	0	법무차관보	1
중재인	0	법원_변호사	1
중재인	0	지방_판사	1
중재인	0	지지하다	1
중재인	0	행정법_판사	1
중재인	0	경영주주	1
중재인	0	지분_파트너	1
중재인	0	재판_변호사	1
중재인	0	청문관	1
중재인	0	법률_서기	1
중재인	0	법률_전문가	1
중재인	0	특별_변호사	1
중재인	0	변호인을_청구하다	1
중재인	0	관리_변호사	1
중재인	0	중재인	1
중재인	0	간청자	1
중재인	0	수석_변호사	1
중재인	0	노동_및_고용_전문_변호사	1
중재인	0	소송_변호사	1
지게차_운전자	0	창고_직원	1
지게차_운전자	0	창고_운영자	1
지게차_운전자	0	점원	1
지게차_운전자	0	다소	1
지게차_운전자	0	소매치기	1
지게차_운전자	0	창고_관리자	1
지게차_운전자	0	짐을_싣는_사람	1
지게차_운전자	0	배송_및_수령_관리자	1
지게차_운전자	0	배송_리드	1
지게차_운전자	0	자재_취급자	1
지게차_운전자	0	순서_정하기	1
지게차_운전자	0	수령_감독자	1
지게차_운전자	0	배송_및_수령_코디네이터	1
지게차_운전자	0	하주	1
지게차_운전자	0	주문_선택기	1
지게차_운전자	0	배송_및_수령_직원	1
초등학교_선생님	0	특별_서비스_이사	1
초등학교_선생님	0	교장	1
초등학교_선생님	0	읽고_쓰는_능력_전문가	1
초등학교_선생님	0	독서_전문가	1
초등학교_선생님	0	고등학교_교사	1
초등학교_선생님	0	중학교_수학_선생님	1
초등학교_선생님	0	보육교사	1
초등학교_선생님	0	역사_선생님	1
초등학교_선생님	0	초등학교_교사	1
초등학교_선생님	0	교육_전문가	1
초등학교_선생님	0	출석_사무원	1
초등학교_선생님	0	특수교육_교사	1
초등학교_선생님	0	직원_개발자	1
초등학교_선생님	0	보조_교육자	1
초등학교_선생님	0	교감	1
초등학교_선생님	0	특수_교육_감독관	1
초등학교_선생님	0	기술_코치	1
초등학교_선생님	0	공급_교사	1
초등학교_선생님	0	독서_코치	1
초등학교_선생님	0	교육_코치	1
초등학교_선생님	0	교육_보조	1
초등학교_선생님	0	교육진단사	1
초등학교_선생님	0	읽기_쓰기_코치	1
초등학교_선생님	0	언어_교사	1
초등학교_선생님	0	독서_교사	1
초등학교_선생님	0	중등_과학_교사	1
초등학교_선생님	0	중학교_선생님	1
초등학교_선생님	0	영어_미술_선생님	1
초등학교_선생님	0	학습_지원_교사	1
초등학교_선생님	0	교실_교사	1
초등학교_선생님	0	여름학교_선생님	1
초등학교_선생님	0	공립학교_교사	1
초등학교_선생님	0	부교사	1
초등학교_선생님	0	초대_교사	1
초등학교_선생님	0	선생님	1
초등학교_선생님	0	중등_영어_선생님	1
초등학교_선생님	0	초등학교_교장	1
초등학교_선생님	0	비즈니스_교육_교사	1
초등학교_선생님	0	독서_선생님	1
초등학교_선생님	0	특수교육_조교	1
출납원	0	판매_사원	1
출납원	0	계산원_고객_서비스	1
출납원	0	바닥_리드	1
출납원	0	키홀더	1
출납원	0	소매_판매_보조원	1
출납원	0	교대_리드	1
출납원	0	요식업_종사자	1
출납원	0	주식_동료	1
출납원	0	플로어_직원	1
출납원	0	프론트_카운터_직원	1
출납원	0	계절_판매_직원	1
출납원	0	수석_계산원	1
출납원	0	식료품_점원	1
출납원	0	소매_직원	1
출납원	0	예의_사무원	1
출납원	0	소매_판매원	1
출납원	0	파트타임_판매_직원	1
출납원	0	영업팀원	1
출납원	0	대리	1
출납원	0	카운터_직원	1
출납원	0	두_번째_대리	1
출납원	0	영업_담당자	1
출납원	0	회원_서비스_준회원	1
출납원	0	인사하는_사람	1
출납원	0	고객_서비스_전문가	1
출납원	0	점원을_생산하다	1
출납원	0	태닝_컨설턴트	1
출납원	0	배거	1
출납원	0	고객_서비스_담당자	1
출납원	0	은행원	1
출납원	0	경영진이_게스트_경험을_주도합니다	1
출납원	0	프론트엔드_감독자	1
출납원	0	보조_프런트엔드_관리자	1
출납원	0	임시_직원	1
춤추는_사람	0	전문_댄서	1
춤추는_사람	0	댄스_강사	1
춤추는_사람	0	예술감독	1
춤추는_사람	0	수석무용수	1
춤추는_사람	0	댄스_선생님	1
춤추는_사람	0	드라마_선생님	1
춤추는_사람	0	안무가	1
치과_의사	0	근관치료_전문의	1
치과_의사	0	일반_치과의사	1
치과_의사	0	구강악안면외과_전문의	1
치과_의사	0	등록된_치과_조수	1
치과_의사	0	치과_간호사	1
치과_의사	0	치열교정의	1
치과_의사	0	수석_치과_책임자	1
침술사	0	자격증을_갖춘_침술사	1
침술사	0	채집가	1
카메라맨	0	영화_및_비디오_편집자	1
카메라맨	0	영상제작_디렉터	1
카메라맨	0	영상_제작_매니저	1
카메라맨	0	제작자	1
카메라맨	0	보조_프로듀서	1
카메라맨	0	포스트_프로덕션_인턴	1
카메라맨	0	생산_운영_이사	1
카메라맨	0	텔레비전_감독	1
카메라맨	0	크리에이티브_서비스_프로듀서	1
카메라맨	0	방송_코디네이터	1
카메라맨	0	세트_제작_보조	1
카메라맨	0	카메라_어시스턴트	1
카메라맨	0	동영상_편집기	1
카메라맨	0	포스트_프로덕션_편집자	1
카메라맨	0	생산자	1
카메라맨	0	촬영_감독	1
카메라맨	0	영상제작_전문가	1
카메라맨	0	보조_편집자	1
카메라맨	0	영화_편집자	1
카메라맨	0	촬영감독	1
카메라맨	0	다큐멘터리_영화제작자	1
카메라맨	0	플로어_디렉터	1
카메라맨	0	영화제작자	1
카메라맨	0	프로모션_프로듀서	1
카메라맨	0	테이프_운영자	1
카메라맨	0	두_번째_조수	1
카메라맨	0	카메라_오퍼레이터	1
카메라맨	0	조명_카메라맨	1
카메라맨	0	비디오그래퍼	1
카메라맨	0	보조_비디오_편집자	1
카메라맨	0	비디오_프로듀서	1
카메라맨	0	첫_번째_보조_카메라	1
카메라맨	0	뉴스_운영_관리자	1
카피라이터	0	콘텐츠_관리자	1
카피라이터	0	계약_작가	1
카피라이터	0	창의적인_카피라이터	1
카피라이터	0	웹_콘텐츠_작가	1
카피라이터	0	콘텐츠_감독자	1
카피라이터	0	마케팅_카피라이터	1
카피라이터	0	소셜_미디어_디렉터	1
카피라이터	0	콘텐츠_책임자	1
카피라이터	0	대화형_미디어_관리자	1
카피라이터	0	출판_코디네이터	1
카피라이터	0	웹사이트_콘텐츠_관리자	1
카피라이터	0	창의적인_작가	1
카피라이터	0	콘텐츠_작가	1
카피라이터	0	부_크리에이티브_디렉터	1
카피라이터	0	보조_콘텐츠_관리자	1
카피라이터	0	발행자	1
카피라이터	0	콘텐츠_제작자	1
카피라이터	0	계약_카피라이터	1
카피라이터	0	청중_개발_이사	1
카피라이터	0	그룹기획이사	1
카피라이터	0	광고_카피라이터	1
카피라이터	0	복사_감독자	1
카피라이터	0	광고제작코디네이터	1
카피라이터	0	커뮤니케이션_관리자	1
카피라이터	0	홍보_컨설턴트	1
카피라이터	0	광고_코디네이터	1
카피라이터	0	디지털_콘텐츠_관리자	1
카피라이터	0	광고_전문가	1
카피라이터	0	브랜드_기획자	1
카피라이터	0	그룹_복사_감독자	1
카피라이터	0	콘텐츠_마케팅_매니저	1
카피라이터	0	콘텐츠_분석가	1
카피라이터	0	크리에이티브_서비스_부사장	1
카피라이터	0	통합_마케팅_관리자	1
카피라이터	0	카피디렉터	1
카피라이터	0	복사_관리자	1
카피라이터	0	복사_책임자	1
카피라이터	0	콘텐츠_전략가	1
컴퓨터_수리_기술자	0	데스크탑_지원_인턴	1
컴퓨터_수리_기술자	0	컴퓨터_지원_기술자	1
컴퓨터_수리_기술자	0	컴퓨터_서비스_기술자	1
컴퓨터_수리_기술자	0	컴퓨터_기술자	1
컴퓨터_수리_기술자	0	구성_기술자	1
컴퓨터_수리_기술자	0	데스크사이드_지원_기술자	1
컴퓨터_수리_기술자	0	개인용_컴퓨터_수리_기술자	1
컴퓨터_수리_기술자	0	컴퓨터_하드웨어_기술자	1
컴퓨터_수리_기술자	0	IT_지원_기술자	1
컴퓨터_수리_기술자	0	컴퓨터_하드웨어_엔지니어	1
컴퓨터_수리_기술자	0	서비스_데스크_에이전트	1
컴퓨터_수리_기술자	0	하드웨어_지원_엔지니어	1
컴퓨터_수리_기술자	0	데스크탑_지원	1
컴퓨터_수리_기술자	0	IT_현장_기술자	1
컴퓨터_수리_기술자	0	시스템_지원_기술자	1
컴퓨터_수리_기술자	0	기술적_지원	1
컴퓨터_수리_기술자	0	컴퓨터_지원_분석가	1
컴퓨터_수리_기술자	0	현장_기술자	1
컴퓨터_수리_기술자	0	IT_기술자	1
컴퓨터_수리_기술자	0	컴퓨터_시스템_기술자	1
컴퓨터_수리_기술자	0	하드웨어_기술자	1
컴퓨터_수리_기술자	0	컴퓨터_네트워크_기술자	1
컴퓨터_수리_기술자	0	고객_지원_기술자	1
컴퓨터_수리_기술자	0	개인용_컴퓨터_기술자	1
컴퓨터_수리_기술자	0	헬프데스크_지원_기술자	1
컴퓨터_수리_기술자	0	데스크탑_지원_엔지니어	1
컴퓨터_수리_기술자	0	개인용_컴퓨터_전문가	1
컴퓨터_수리_기술자	0	배포_기술자	1
케이터링	0	수석_셰프	1
케이터링	0	주방_감독관	1
케이터링	0	보조_요리사	1
케이터링	0	연회장	1
케이터링	0	케이터링_감독자	1
케이터링	0	코스_요리사	1
케이터링	0	요리_강사	1
케이터링	0	요리하다	1
케이터링	0	음식_서비스_매니저	1
케이터링	0	수석_부주방장	1
케이터링	0	기업_요리사	1
케이터링	0	연회_감독	1
케이터링	0	수석_페이스트리_셰프	1
케이터링	0	레스토랑_요리사	1
케이터링	0	부_주방장	1
케이터링	0	케이터링_요리사	1
케이터링	0	연회_요리사	1
케이터링	0	케이터링_이벤트_매니저	1
케이터링	0	기업_수석_셰프	1
케이터링	0	빵_굽는_사람	1
케이터링	0	요리사	1
케이터링	0	개인_요리사	1
케이터링	0	주방장	1
탐사_지질학자	0	현장_지질학자	1
탐사_지질학자	0	직원_지구_물리학자	1
탐사_지질학자	0	지구과학자	1
탐사_지질학자	0	연구_지질학자	1
탐사_지질학자	0	환경_지질학자	1
탐사_지질학자	0	지질공학자	1
탐사_지질학자	0	지질학자	1
탐사_지질학자	0	광산_지질학자	1
탐사_지질학자	0	계약_지질학자	1
탐사_지질학자	0	저수지_지질학자	1
탐사_지질학자	0	컨설팅_지질학자	1
탐사_지질학자	0	수석_지질학자	1
탐사_지질학자	0	광산_엔지니어	1
탐사_지질학자	0	탐사_부사장	1
토목_기술자	0	토목공학_기술자	1
토목_기술자	0	상주_엔지니어	1
토목_기술자	0	토목_설계_엔지니어	1
토목_기술자	0	보조_상주_엔지니어	1
토목_기술자	0	대학원_토목공학자	1
토목_기술자	0	수석_토목_기술자	1
토목_기술자	0	토목_기안가	1
토목_기술자	0	보조_도시_엔지니어	1
토목_기술자	0	토목공학_인턴	1
토목_기술자	0	건설_인턴	1
토목_기술자	0	건설감독관	1
토목_기술자	0	부_건설_관리자	1
토목_기술자	0	지역_엔지니어	1
토목_기술자	0	토목_디자이너	1
토목_기술자	0	민사_감독관	1
토목_기술자	0	배수_엔지니어	1
토목_기술자	0	프로젝트_조수	1
토목_기술자	0	기술_사무실_엔지니어	1
토목_기술자	0	포장_엔지니어	1
토목_기술자	0	도시_엔지니어	1
토목_기술자	0	섹션_엔지니어	1
토목_기술자	0	전문_엔지니어	1
토목_기술자	0	교량_엔지니어	1
토목_기술자	0	대학원_구조_엔지니어	1
토목_기술자	0	현장_토목_기술자	1
토목_기술자	0	보조_프로젝트_엔지니어	1
토목_기술자	0	사이트_엔지니어	1
통신_엔지니어	0	통신_시스템_엔지니어	1
통신_엔지니어	0	전송_엔지니어	1
통신_엔지니어	0	구현_감독자	1
통신_엔지니어	0	통신_책임자	1
통신_엔지니어	0	핵심_엔지니어	1
통신_엔지니어	0	통신_보조원	1
통신_엔지니어	0	무선_엔지니어	1
통신_엔지니어	0	스위치_엔지니어	1
통신_엔지니어	0	통신_코디네이터	1
통신_엔지니어	0	라디오_기획_엔지니어	1
통신_엔지니어	0	네트워크_디자인_매니저	1
통신_엔지니어	0	통신_담당관	1
통신_엔지니어	0	무선_전문가	1
통신_엔지니어	0	통신_컨설턴트	1
통신_엔지니어	0	통신_감독관	1
통신_엔지니어	0	네트워크_엔지니어	1
통신_엔지니어	0	통신_프로젝트_엔지니어	1
통신_엔지니어	0	네트워크_통합_엔지니어	1
통신_엔지니어	0	코어_네트워크_엔지니어	1
통신_엔지니어	0	전화_통신_엔지니어	1
통신_엔지니어	0	롤아웃_엔지니어	1
통신_엔지니어	0	음성_엔지니어	1
통신_엔지니어	0	통신팀장	1
통신_엔지니어	0	통신_기술자	1
통신_엔지니어	0	네트워크_운영_센터_운영자	1
통신_엔지니어	0	통신_전문가	1
투자_은행_분석가	0	은행_조사관	1
투자_은행_분석가	0	레버리지_금융_분석가	1
투자_은행_분석가	0	벤처_캐피탈_분석가	1
투자_은행_분석가	0	사모펀드_관계자	1
투자_은행_분석가	0	신용_분석가	1
투자_은행_분석가	0	금융_서비스_직원	1
투자_은행_분석가	0	기업_신용_분석가	1
투자_은행_분석가	0	재무_관리_프로그램_인턴	1
투자_은행_분석가	0	기업금융_인턴	1
투자_은행_분석가	0	투자_은행_인턴	1
투자_은행_분석가	0	투자_은행_직원	1
투자_은행_분석가	0	포트폴리오_관리_분석가	1
투자_은행_분석가	0	사모펀드_분석가	1
투자_은행_분석가	0	기업_은행_분석가	1
투자_은행_분석가	0	신용_조사_분석가	1
투자_은행_분석가	0	프라이빗_뱅킹_분석가	1
투자_은행_분석가	0	주식_연구_인턴	1
투자_은행_분석가	0	사모펀드_인턴	1
투자_은행_분석가	0	MBA_후보자	1
투자_은행_분석가	0	주식_연구원	1
투자_은행_분석가	0	평가_관계자	1
투자_은행_분석가	0	비즈니스_분석가	1
투자_은행_분석가	0	개인_은행_분석가	1
투자_은행_분석가	0	기업_개발_직원	1
투자_은행_분석가	0	위험_관리_인턴	1
투자_은행_분석가	0	개인_은행_관리자	1
투자_은행_분석가	0	평가_분석가	1
투자_은행_분석가	0	신용_대리인	1
투자_은행_분석가	0	현금담당자	1
투자_은행_분석가	0	신용_전문가	1
투자_은행_분석가	0	기업금융부장	1
투자_은행_분석가	0	재무부_직원	1
투자_은행_분석가	0	기업_재무_분석가	1
투자_은행_분석가	0	기업_개발_분석가	1
투자_은행_분석가	0	거래_분석가	1
투자_은행_분석가	0	자본시장_분석가	1
투자_은행_분석가	0	재무_분석가	1
트럭_운전사	0	운전사	1
트럭_운전사	0	터미널_관리자	1
트럭_운전사	0	보조_터미널_관리자	1
트럭_운전사	0	서비스_센터_관리자	1
트럭_운전사	0	파견_관리자	1
트럭_운전사	0	교통_감독관	1
트럭_운전사	0	파견_감독자	1
트럭_운전사	0	파견자	1
트럭_운전사	0	전문_드라이버	1
트럭_운전사	0	도로_운전사	1
트럭_운전사	0	회사_운전사	1
패션_디자이너	0	제품_디자인_컨설턴트	1
패션_디자이너	0	섬유_디자이너	1
패션_디자이너	0	패션_어시스턴트	1
패션_디자이너	0	패션_코디네이터	1
패션_디자이너	0	제품_개발_동료	1
패션_디자이너	0	보조_디자이너	1
패션_디자이너	0	제품_디자이너	1
패션_디자이너	0	기술_디자이너	1
패션_디자이너	0	보조_기술_디자이너	1
패션_디자이너	0	여성복_디자이너	1
패션_디자이너	0	수석_디자이너	1
패션_디자이너	0	남성복_디자이너	1
패션_디자이너	0	재봉_강사	1
패션_디자이너	0	디자인_강사	1
패션_디자이너	0	디자이너	1
패션_디자이너	0	액세서리_디자이너	1
패션_디자이너	0	브랜드_디자이너	1
패션_디자이너	0	디자인_인턴	1
패션_디자이너	0	패션_디자인_인턴	1
패션_디자이너	0	니트웨어_디자이너	1
패션_디자이너	0	인쇄_디자이너	1
패션_디자이너	0	인터랙티브_아트_디렉터	1
패션_디자이너	0	신발_디자이너	1
패션_디자이너	0	의류_디자이너	1
패션_디자이너	0	아트디렉션_인턴	1
패션_디자이너	0	패턴_제작자	1
패션_디자이너	0	디자인팀장	1
패션_디자이너	0	디자인부장	1
패션_디자이너	0	스타일_컨설턴트	1
패션_디자이너	0	디자인_및_생산_인턴	1
패션_디자이너	0	제품_개발_보조원	1
편지_운반원	0	메일_프로세서	1
편지_운반원	0	도시_편지_배달원	1
편지_운반원	0	농촌_운송업자	1
편지_운반원	0	농촌_운송업체_직원	1
편지_운반원	0	우체국장	1
포트폴리오_분석가	0	포트폴리오_관리_분석가	1
포트폴리오_분석가	0	투자_성과_분석가	1
포트폴리오_분석가	0	펀드_분석가	1
포트폴리오_분석가	0	뮤추얼_펀드_분석가	1
포트폴리오_분석가	0	자기주식_거래자	1
포트폴리오_분석가	0	투자_연구_분석가	1
포트폴리오_분석가	0	금융_시장_분석가	1
포트폴리오_분석가	0	수석_포트폴리오_매니저	1
포트폴리오_분석가	0	헤지펀드_애널리스트	1
포트폴리오_분석가	0	고정_수입_이사	1
포트폴리오_분석가	0	투자_분석가	1
포트폴리오_분석가	0	포트폴리오_관리자	1
포트폴리오_분석가	0	위험_관리_직원	1
포트폴리오_분석가	0	채권_분석가	1
포트폴리오_분석가	0	상품_분석가	1
포트폴리오_분석가	0	투자_책임자	1
포트폴리오_분석가	0	매니_징_디렉터	1
포트폴리오_분석가	0	보조_포트폴리오_관리자	1
포트폴리오_분석가	0	보조_펀드매니저	1
포트폴리오_분석가	0	투자자_관계_관계자	1
포트폴리오_분석가	0	투자_전략가	1
포트폴리오_분석가	0	보조_투자_관리자	1
포트폴리오_분석가	0	최고_투자_책임자	1
포트폴리오_분석가	0	뮤추얼_펀드_전문가	1
포트폴리오_분석가	0	거래_분석가	1
포트폴리오_분석가	0	자문_판매_전문가	1
포트폴리오_분석가	0	기관_영업_이사	1
포트폴리오_분석가	0	중간_장교	1
포트폴리오_분석가	0	투자_전문가	1
포트폴리오_분석가	0	공인_재무_분석가	1
포트폴리오_분석가	0	채권_포트폴리오_매니저	1
포트폴리오_분석가	0	재무_분석가	1
포트폴리오_분석가	0	투자_운영_관리자	1
포트폴리오_분석가	0	펀드_매니저	1
포트폴리오_분석가	0	주식_포트폴리오_매니저	1
포트폴리오_분석가	0	포트폴리오_동료	1
프론트_데스크_감독자	0	스파_감독자	1
프론트_데스크_감독자	0	총지배인의_개인_비서	1
프론트_데스크_감독자	0	프론트_오피스_동료	1
프론트_데스크_감독자	0	예약_판매_대행	1
프론트_데스크_감독자	0	야간_감사관	1
프론트_데스크_감독자	0	집_앞_매니저	1
프론트_데스크_감독자	0	보조_게스트_서비스_관리자	1
프론트_데스크_감독자	0	회의_서비스_코디네이터	1
프론트_데스크_감독자	0	보조_예약_관리자	1
프론트_데스크_감독자	0	야간_보조_매니저	1
프론트_데스크_감독자	0	프론트_오피스_인턴	1
프론트_데스크_감독자	0	이벤트_임원	1
프론트_데스크_감독자	0	가사_담당_조국장	1
프론트_데스크_감독자	0	보조_수익_관리자	1
프론트_데스크_감독자	0	손님관계담당관	1
프론트_데스크_감독자	0	리셉션_매니저	1
프론트_데스크_감독자	0	직무_관리자	1
프론트_데스크_감독자	0	룸_부문_매니저	1
프론트_데스크_감독자	0	손님_관계_임원	1
프론트_데스크_감독자	0	손님_서비스_담당자	1
프론트_데스크_감독자	0	야간_관리자	1
프론트_데스크_감독자	0	단체_예약_코디네이터	1
프론트_데스크_감독자	0	프론트_오피스_매니저	1
프론트_데스크_감독자	0	회의_서비스_관리자	1
프론트_데스크_감독자	0	손님_관계_감독관	1
프론트_데스크_감독자	0	프론트_오피스_감독자	1
프론트_데스크_감독자	0	예약_대행사	1
프론트_데스크_감독자	0	프론트_오피스_임원	1
프론트_데스크_감독자	0	프론트_데스크_매니저	1
프론트_데스크_감독자	0	관리인	1
프론트_데스크_감독자	0	게스트_서비스_담당자	1
프론트_데스크_감독자	0	팀_리드_프론트_오피스	1
프론트_데스크_감독자	0	프론트_데스크_대표	1
프론트_데스크_감독자	0	프론트_오피스_에이전트	1
프론트_데스크_감독자	0	여관주인	1
프론트_데스크_감독자	0	손님_서비스_감독자	1
프론트_데스크_감독자	0	접수_감독자	1
프론트_데스크_감독자	0	예약_코디네이터	1
프론트_데스크_감독자	0	환대_관리자	1
프론트_데스크_감독자	0	프론트_데스크_보조_매니저	1
프론트_데스크_감독자	0	가정부	1
항공_우주_엔지니어	0	우주선_엔지니어	1
항공_우주_엔지니어	0	수리_엔지니어	1
항공_우주_엔지니어	0	인증_엔지니어	1
항공_우주_엔지니어	0	추진_엔지니어	1
항공_우주_엔지니어	0	항공_엔지니어	1
항공_우주_엔지니어	0	공기_역학_엔지니어	1
항공_우주_엔지니어	0	비행_테스트_엔지니어	1
항공기_조종사	0	항공사_선장	1
항공기_조종사	0	계약_조종사	1
항공기_조종사	0	라인_파일럿	1
항공기_조종사	0	상업_조종사	1
항공기_조종사	0	부조종사	1
항공기_조종사	0	수석_조종사	1
항공기_조종사	0	기업_파일럿	1
항공기_조종사	0	수석_비행_교관	1
항공기_조종사	0	비행_운영_이사	1
항공기_조종사	0	비행사	1
항공기_조종사	0	비행_운영_관리자	1
항공기_조종사	0	기지_관리자	1
항공기_조종사	0	비행_강사	1
홍보담당_임원	0	홍보부장	1
홍보담당_임원	0	홍보_및_커뮤니케이션_코디네이터	1
홍보담당_임원	0	홍보_및_커뮤니케이션_컨설턴트	1
홍보담당_임원	0	섭외	1
홍보담당_임원	0	홍보_전문가	1
홍보담당_임원	0	홍보_컨설턴트	1
홍보담당_임원	0	소셜_미디어_전문가	1
홍보담당_임원	0	홍보_관리자	1
홍보담당_임원	0	소셜_미디어_관리자	1
홍보담당_임원	0	홍보_준회원	1
홍보담당_임원	0	언론_및_홍보_관리자	1
홍보담당_임원	0	홍보_코디네이터	1
홍보담당_임원	0	홍보_감독관	1
홍보담당_임원	0	마케팅_및_커뮤니케이션_코디네이터	1
홍보담당_임원	0	기업_커뮤니케이션_코디네이터	1
홍보담당_임원	0	최고_마케팅_및_커뮤니케이션_책임자	1
홍보담당_임원	0	커뮤니케이션_전문가	1
홍보담당_임원	0	홍보_담당자	1
홍보담당_임원	0	외부_커뮤니케이션_관리자	1
홍보담당_임원	0	커뮤니케이션_관리자	1
홍보담당_임원	0	글로벌_홍보_매니저	1
홍보담당_임원	0	커뮤니케이션_리드	1
홍보담당_임원	0	커뮤니케이션_담당_부국장	1
홍보담당_임원	0	전략적_커뮤니케이션	1
홍보담당_임원	0	글로벌_커뮤니케이션_매니저	1
홍보담당_임원	0	대리_기업_커뮤니케이션	1
홍보담당_임원	0	회계_담당자	1
홍보담당_임원	0	대변인	1
홍보담당_임원	0	커뮤니케이션_코디네이터	1
홍보담당_임원	0	언론_관계_직원	1
홍보담당_임원	0	커뮤니케이션_컨설턴트	1
홍보담당_임원	0	마케팅_및_홍보_컨설턴트	1
홍보담당_임원	0	홍보대표	1
홍보담당_임원	0	홍보_책임자	1
홍보담당_임원	0	마케팅_커뮤니케이션_전문가	1
홍보담당_임원	0	마케팅_및_홍보_전문가	1
홍보담당_임원	0	국제_홍보_매니저	1
홍보담당_임원	0	미디어_및_커뮤니케이션_관리자	1
홍보담당_임원	0	홍보_이사	1
홍보담당_임원	0	소셜_미디어_전략가	1
홍보담당_임원	0	홍보_담당관	1
홍보담당_임원	0	마케팅_및_홍보_담당자	1
홍보담당_임원	0	기업_커뮤니케이션_직원	1
홍보담당_임원	0	마케팅_및_커뮤니케이션_임원	1
홍보담당_임원	0	홍보_계정_임원	1
홍보담당_임원	0	미디어_관계_이사	1
화학_연산자	0	프로세스_설계_엔지니어	1
화학_연산자	0	플랜트_공정_엔지니어	1
화학_연산자	0	프로세스_엔지니어링_전문가	1
화학_연산자	0	프로세스_엔지니어	1
화학_연산자	0	프로세스_전문가	1
화학_연산자	0	화학_공학_기술자	1
환경_예술가	0	테크니컬_아티스트	1
환경_예술가	0	3D_모델러	1
환경_예술가	0	게임_아티스트	1
환경_예술가	0	3D_아티스트	1
환경_예술가	0	게임_디자이너	1
환경_예술가	0	아티스트	1
환경_예술가	0	테크니컬_아트_디렉터	1
환경_예술가	0	3D_환경_아티스트	1
환경_예술가	0	캐릭터_모델러	1
환경_예술가	0	텍스처_아티스트	1
환경_예술가	0	모델러	1
환경_예술가	0	캐릭터_아티스트	1
후견인	0	프론트_카운터_직원	1
후견인	0	수석_관리인	1
후견인	0	관리인	1
후견인	0	바닥_기술자	1
